date,brent_usd,wti_usd,brent_7d_change_pct,wti_7d_change_pct,brent_30d_change_pct,brent_ma20
2020-01-02,67.05,61.17,-0.0234,0.0122,0.075,67.62
2020-01-03,69.08,63.0,0.0236,0.0412,0.0828,67.81
2020-01-06,70.25,63.27,0.0143,0.0343,0.0809,68.04
2020-01-07,68.74,62.7,-0.0075,0.0159,0.0603,68.16
2020-01-08,67.31,59.65,-0.0232,-0.0342,0.0408,68.2
2020-01-09,66.58,59.56,-0.0252,-0.0341,0.0272,68.2
2020-01-10,66.77,59.02,-0.0148,-0.0347,0.0268,68.27
2020-01-13,64.14,58.17,-0.0434,-0.049,-0.0083,68.14
2020-01-14,64.45,58.34,-0.067,-0.074,-0.0008,67.99
2020-01-15,63.29,57.86,-0.0991,-0.0855,0.0014,67.76
2020-01-16,64.63,58.52,-0.0598,-0.0667,0.0267,67.54
2020-01-17,64.05,58.55,-0.0484,-0.0184,-0.0184,67.28
2020-01-20,64.63,,-0.0293,-0.017,-0.0158,67.03
2020-01-21,63.66,58.25,-0.0466,-0.013,-0.0427,66.78
2020-01-22,62.11,56.76,-0.0316,-0.0242,-0.0652,66.51
2020-01-23,61.26,55.51,-0.0495,-0.0485,-0.0798,66.11
2020-01-24,59.34,54.09,-0.0624,-0.0652,-0.0922,65.62
2020-01-27,58.54,53.09,-0.0942,-0.0928,-0.1219,65.1
2020-01-28,59.37,53.33,-0.0731,-0.0892,-0.1197,64.65
2020-01-29,59.46,53.29,-0.08,-0.0898,-0.1261,64.24
2020-01-30,57.72,52.19,-0.0933,-0.104,-0.1634,63.77
2020-01-31,57.77,51.58,-0.0699,-0.0913,-0.1642,63.2
2020-02-03,54.0,50.06,-0.1185,-0.0982,-0.2253,62.39
2020-02-04,53.9,49.59,-0.0917,-0.0832,-0.215,61.65
2020-02-05,55.36,50.87,-0.0543,-0.0418,-0.1797,61.05
2020-02-06,55.18,50.94,-0.0706,-0.0448,-0.2033,60.48
2020-02-07,54.53,50.34,-0.0829,-0.0554,-0.2127,59.87
2020-02-10,53.39,49.59,-0.075,-0.0498,-0.2252,59.33
2020-02-11,54.0,50.0,-0.0653,-0.0306,-0.2094,58.81
2020-02-12,55.54,51.13,0.0285,0.0214,-0.1805,58.42
2020-02-13,56.34,51.41,0.0453,0.0367,-0.1597,58.01
2020-02-14,57.37,52.03,0.0363,0.0228,-0.1695,57.67
2020-02-17,57.83,,0.048,0.0214,-0.1768,57.33
2020-02-18,57.35,52.1,0.0517,0.035,-0.1657,57.02
2020-02-19,59.72,53.31,0.1186,0.075,-0.1128,56.9
2020-02-20,59.57,53.77,0.1031,0.0754,-0.1053,56.81
2020-02-21,58.6,53.36,0.0551,0.0436,-0.1224,56.78
2020-02-24,56.71,51.36,0.0066,-0.001,-0.1158,56.69
2020-02-25,55.29,49.78,-0.0363,-0.0432,-0.1421,56.48
2020-02-26,54.96,48.67,-0.0496,-0.0646,-0.1316,56.26
2020-02-27,52.19,47.17,-0.09,-0.0946,-0.1925,55.98
2020-02-28,51.31,44.83,-0.1408,-0.1591,-0.1989,55.66
2020-03-02,52.52,46.78,-0.1183,-0.13,-0.1874,55.58
2020-03-03,52.24,47.27,-0.1085,-0.1141,-0.1794,55.5
2020-03-04,51.86,46.78,-0.0855,-0.0892,-0.165,55.32
2020-03-05,51.29,45.9,-0.0723,-0.0779,-0.1627,55.13
2020-03-06,45.6,41.14,-0.1703,-0.1547,-0.2315,54.68
2020-03-09,35.33,31.05,-0.3231,-0.3417,-0.3965,53.78
2020-03-10,35.57,34.47,-0.3068,-0.2311,-0.4009,52.86
2020-03-11,34.45,33.13,-0.3441,-0.2918,-0.4206,51.8
2020-03-12,31.02,31.56,-0.4062,-0.3323,-0.4626,50.54
2020-03-13,32.25,31.72,-0.3781,-0.3219,-0.4418,49.28
2020-03-16,27.98,28.96,-0.4545,-0.3691,-0.4819,47.79
2020-03-17,27.97,26.96,-0.3866,-0.3447,-0.4811,46.32
2020-03-18,22.79,20.48,-0.3549,-0.3404,-0.5883,44.48
2020-03-19,23.98,25.09,-0.3258,-0.2721,-0.5654,42.7
2020-03-20,25.55,19.48,-0.2583,-0.412,-0.5315,41.04
2020-03-23,23.75,23.33,-0.2344,-0.2608,-0.5552,39.39
2020-03-24,24.5,21.03,-0.2403,-0.337,-0.5463,37.86
2020-03-25,25.62,20.75,-0.0843,-0.2835,-0.5387,36.39
2020-03-26,23.55,16.6,-0.158,-0.3843,-0.582,34.96
2020-03-27,22.39,15.48,-0.0176,-0.2441,-0.6097,33.51
2020-03-30,19.19,14.1,-0.1997,-0.438,-0.6682,31.84
2020-03-31,14.85,20.51,-0.4188,0.0529,-0.7411,29.97
2020-04-01,14.97,20.28,-0.3697,-0.1307,-0.7493,28.13
2020-04-02,20.24,25.18,-0.1739,0.1973,-0.6602,26.58
2020-04-03,24.33,28.36,-0.0504,0.3667,-0.5848,25.51
2020-04-06,22.58,26.21,-0.0412,0.5789,-0.6018,24.88
2020-04-07,22.1,23.54,-0.013,0.5207,-0.6003,24.2
2020-04-08,25.22,24.97,0.3142,0.7709,-0.5411,23.74
2020-04-09,20.23,22.9,0.3623,0.1165,-0.6124,23.2
2020-04-13,,22.36,0.3514,0.1026,-0.6057,
2020-04-14,21.74,20.15,0.0741,-0.1998,-0.5861,
2020-04-15,19.8,19.96,-0.1862,-0.2962,-0.621,
2020-04-16,18.69,19.82,-0.1723,-0.2438,-0.6396,
2020-04-17,19.75,18.31,-0.1063,-0.2222,-0.6149,
2020-04-20,17.36,-36.98,-0.3117,-2.481,-0.6193,
2020-04-21,9.12,8.91,-0.5492,-0.6109,-0.7419,
2020-04-22,13.77,13.64,-0.3193,-0.39,-0.6129,
2020-04-23,15.06,15.06,-0.3073,-0.2526,-0.5628,
2020-04-24,15.87,15.99,-0.1985,-0.1989,-0.4884,
2020-04-27,15.17,12.17,-0.1883,-0.386,-0.5296,
2020-04-28,15.6,12.4,-0.2101,-0.3228,-0.4425,
2020-04-29,17.86,15.04,0.0288,-1.4067,-0.3615,
2020-04-30,18.11,19.23,0.9857,1.1582,-0.2054,
2020-05-01,18.49,19.72,0.3428,0.4457,-0.2289,
2020-05-04,20.4,20.47,0.3546,0.3592,-0.2016,
2020-05-05,25.46,24.56,0.6043,0.536,0.072,
2020-05-06,24.2,23.88,0.5953,0.9622,-0.0122,
2020-05-07,24.23,23.68,0.5532,0.9097,-0.0543,
2020-05-08,,24.73,0.3567,0.6443,0.0289,
2020-05-11,25.53,24.02,0.4097,0.2491,0.1402,
2020-05-12,26.67,25.76,0.4424,0.3063,0.3898,
2020-05-13,27.89,25.37,0.3672,0.2394,0.8781,
2020-05-14,29.87,27.4,0.1732,0.1156,0.9953,
2020-05-15,30.95,29.44,0.2789,0.2328,0.5292,
2020-05-18,33.3,31.83,0.3743,0.3442,0.3687,
2020-05-19,33.06,32.3,0.3644,0.3061,0.4641,
2020-05-20,34.76,33.56,0.3615,0.3972,0.5729,
2020-05-21,34.78,34.3,0.3041,0.3315,0.3791,
2020-05-22,33.8,33.49,0.2119,0.3201,0.6708,
2020-05-26,33.95,34.7,0.1366,0.2664,0.6782,
2020-05-27,32.73,32.8,0.0575,0.1141,0.5055,
2020-05-28,33.98,33.67,0.0204,0.0578,0.7162,
2020-05-29,34.15,35.57,0.033,0.1012,0.8272,
2020-06-01,36.74,35.49,0.057,0.0575,0.8603,
2020-06-02,37.72,36.88,0.0845,0.0752,1.1728,
2020-06-03,37.98,37.33,0.1237,0.1147,3.1645,
2020-06-04,38.41,37.42,0.1314,0.0784,1.7894,
2020-06-05,41.0,39.49,0.2527,0.204,1.7224,
2020-06-08,39.66,38.17,0.1672,0.1337,1.4991,33.85
2020-06-09,40.45,38.98,0.1845,0.0959,1.6664,34.59
2020-06-10,41.18,39.54,0.1208,0.1141,1.6397,35.32
2020-06-11,37.76,36.43,0.0011,-0.0122,1.1142,35.81
2020-06-12,38.54,36.24,0.0147,-0.0292,1.1281,36.24
2020-06-15,39.44,37.07,0.0268,-0.0094,1.133,36.67
2020-06-16,40.75,38.26,-0.0061,-0.0311,0.9975,37.04
2020-06-17,40.47,37.91,0.0204,-0.0068,0.5896,37.41
2020-06-18,41.75,38.79,0.0321,-0.0049,0.7252,37.76
2020-06-19,42.33,39.72,0.0279,0.0046,0.747,38.14
2020-06-22,43.2,40.6,0.1441,0.1145,0.7829,38.61
2020-06-23,42.72,40.4,0.1085,0.1148,0.6733,39.05
2020-06-24,40.4,37.91,0.0243,0.0227,0.5148,39.43
2020-06-25,41.18,38.66,0.0106,0.0105,0.4765,39.79
2020-06-26,40.97,38.53,0.0124,0.0164,0.3716,40.13
2020-06-29,41.58,39.67,-0.0041,0.0227,0.3435,40.37
2020-06-30,41.64,39.27,-0.0163,-0.0113,0.2505,40.57
2020-07-01,42.18,39.88,-0.0236,-0.0177,0.2759,40.78
2020-07-02,43.19,40.57,0.011,0.0042,0.2425,41.02
2020-07-03,42.92,,0.0624,0.0702,0.234,41.12
2020-07-06,42.73,40.51,0.0376,0.0479,0.2642,41.27
2020-07-07,43.28,40.59,0.0564,0.0535,0.2748,41.41
2020-07-08,43.67,40.91,0.0503,0.0313,0.3342,41.54
2020-07-09,42.35,39.64,0.0171,0.0094,0.2463,41.76
2020-07-10,43.27,40.56,0.0258,0.0171,0.2671,42.0
2020-07-13,42.85,40.06,-0.0079,-0.0126,0.1663,42.17
2020-07-14,42.97,40.3,0.0012,-0.0067,0.1392,42.28
2020-07-15,43.96,41.2,0.0288,0.017,0.1575,42.46
2020-07-16,43.71,40.74,0.0099,0.0037,0.138,42.56
2020-07-17,43.53,40.55,-0.0032,-0.0088,0.0617,42.62
2020-07-20,43.3,40.83,0.0224,0.03,0.0918,42.62
2020-07-21,44.31,41.76,0.024,0.0296,0.0954,42.7
2020-07-22,43.98,41.88,0.0264,0.0454,0.068,42.88
2020-07-23,42.96,40.99,-0.0002,0.0171,0.1377,42.97
2020-07-24,43.29,41.23,-0.0152,0.0007,0.1232,43.08
2020-07-27,43.39,41.46,-0.0073,0.0177,0.1002,43.17
2020-07-28,43.11,40.89,-0.0096,0.0084,0.0579,43.25
2020-07-29,43.51,41.13,0.0048,0.0073,0.0751,43.31
2020-07-30,42.98,39.85,-0.03,-0.0457,0.0295,43.3
2020-07-31,43.13,40.1,-0.0193,-0.0425,0.0189,43.31
2020-08-03,43.76,40.83,0.0186,-0.0039,0.013,43.37
2020-08-04,43.99,41.67,0.0162,0.0107,0.0297,43.4
2020-08-05,44.92,42.25,0.0353,0.0191,0.1119,43.46
2020-08-06,45.04,41.93,0.0448,0.0254,0.0937,43.6
2020-08-07,44.07,41.16,0.0129,0.0007,0.0757,43.64
2020-08-10,44.19,41.94,0.0282,0.0524,0.0628,43.7
2020-08-11,43.68,41.53,0.0128,0.0357,0.049,43.74
2020-08-12,45.09,42.6,0.0304,0.0434,0.069,43.8
2020-08-13,44.87,42.26,0.02,0.0142,0.0389,43.86
2020-08-14,44.86,42.05,-0.0013,-0.0047,0.0452,43.92
2020-08-17,44.91,42.89,-0.0029,0.0229,0.051,44.0
2020-08-18,45.34,42.89,0.0288,0.042,0.0476,44.05
2020-08-19,45.21,42.91,0.0231,0.0231,0.0353,44.11
2020-08-20,44.56,42.62,0.0201,0.0262,0.0522,44.2
2020-08-21,43.94,42.32,-0.0255,-0.0066,0.0155,44.23
2020-08-24,44.43,42.44,-0.0098,0.0043,0.0369,44.28
2020-08-25,46.01,43.17,0.0256,0.0266,0.0707,44.42
2020-08-26,45.79,43.21,0.0196,0.0075,0.0416,44.54
2020-08-27,44.84,42.88,-0.011,-0.0002,0.0259,44.63
2020-08-28,45.22,42.96,0.0002,0.0012,0.0388,44.74
2020-08-31,,42.61,0.0148,-0.0002,0.0443,
2020-09-01,45.72,42.76,0.0405,0.0104,0.0318,
2020-09-02,42.7,42.76,-0.0389,0.0075,-0.0291,
2020-09-03,42.72,41.39,-0.0715,-0.0412,-0.0056,
2020-09-04,41.1,39.69,-0.1024,-0.0815,-0.0506,
2020-09-07,40.67,,-0.093,-0.0744,-0.0627,
2020-09-08,38.53,36.87,-0.1479,-0.1418,-0.1062,
2020-09-09,39.98,38.05,-0.1159,-0.107,-0.0811,
2020-09-10,39.27,37.25,-0.1411,-0.1289,-0.0863,
2020-09-11,38.8,37.33,-0.0913,-0.127,-0.1004,
2020-09-14,38.57,37.23,-0.0971,-0.1005,-0.1186,
2020-09-15,39.54,38.29,-0.038,-0.0353,-0.1012,
2020-09-16,41.23,40.17,0.0138,0.0121,-0.0821,
2020-09-17,42.35,40.99,0.0991,0.1117,-0.0597,
2020-09-18,42.16,41.09,0.0545,0.0799,-0.0433,
2020-09-21,40.37,39.26,0.028,0.054,-0.0864,
2020-09-22,40.84,39.55,0.0526,0.0595,-0.065,
2020-09-23,41.09,39.92,0.0653,0.0723,-0.0887,
2020-09-24,41.24,40.11,0.043,0.0475,-0.0809,
2020-09-25,40.91,40.06,-0.0078,-0.0027,-0.0881,
2020-09-28,41.59,40.47,-0.0179,-0.0127,-0.0739,40.97
2020-09-29,40.33,39.03,-0.0434,-0.0501,-0.1105,40.7
2020-09-30,40.3,40.05,-0.0017,0.0201,-0.1086,40.58
2020-10-01,39.75,38.51,-0.0267,-0.0263,-0.1079,40.43
2020-10-02,38.0,36.9,-0.0752,-0.0757,-0.1352,40.28
2020-10-05,39.78,39.12,-0.0354,-0.0247,-0.1047,40.23
2020-10-06,41.27,40.52,0.0088,0.0115,-0.103,40.37
2020-10-07,40.62,39.82,-0.0233,-0.0161,-0.1129,40.4
2020-10-08,42.0,41.04,0.0414,0.0515,-0.0633,40.54
2020-10-09,41.63,40.44,0.033,0.0097,-0.0794,40.68
2020-10-12,40.5,39.22,0.0189,0.0184,-0.1044,40.78
2020-10-13,41.34,40.03,0.0879,0.0848,-0.0958,40.86
2020-10-14,41.81,40.86,0.051,0.0445,-0.0208,40.89
2020-10-15,41.61,40.84,0.0082,0.0079,-0.026,40.86
2020-10-16,41.34,40.7,0.0177,0.0221,0.0058,40.82
2020-10-19,41.29,40.69,-0.0169,-0.0085,0.0152,40.86
2020-10-20,41.62,41.37,-0.0002,0.023,0.0802,40.9
2020-10-21,40.09,39.88,-0.0101,0.0168,0.0028,40.85
2020-10-22,41.28,40.46,-0.0015,0.0107,0.0512,40.85
2020-10-23,40.71,39.73,-0.0263,-0.0277,0.0492,40.84
2020-10-26,39.06,38.39,-0.0613,-0.06,0.0127,40.72
2020-10-27,39.72,39.34,-0.0392,-0.0334,0.0046,40.69
2020-10-28,37.86,37.27,-0.0831,-0.0841,-0.0817,40.56
2020-10-29,36.56,35.94,-0.1216,-0.1313,-0.1367,40.4
2020-10-30,36.33,35.64,-0.0938,-0.1063,-0.1383,40.32
2020-11-02,37.78,36.6,-0.0848,-0.0954,-0.0642,40.22
2020-11-03,38.17,37.44,-0.0624,-0.0576,-0.0654,40.07
2020-11-04,39.68,38.97,0.0159,0.0151,-0.0343,40.02
2020-11-05,39.47,38.56,-0.0063,-0.0198,-0.0429,39.89
2020-11-06,38.08,36.97,0.0058,-0.008,-0.0692,39.71
2020-11-09,40.93,40.05,0.1195,0.1144,-0.0159,39.74
2020-11-10,42.25,41.18,0.163,0.1554,0.0476,39.78
2020-11-11,42.5,41.23,0.1249,0.1265,0.0546,39.82
2020-11-12,42.16,40.9,0.1045,0.0924,0.0606,39.84
2020-11-13,41.51,39.93,0.0461,0.0246,0.0924,39.85
2020-11-16,42.71,41.14,0.0821,0.0669,0.0737,39.92
2020-11-17,42.54,41.24,0.1171,0.1155,0.0308,39.97
2020-11-18,42.91,41.64,0.0484,0.0397,0.0564,40.11
2020-11-19,43.09,41.57,0.0199,0.0095,0.026,40.2
2020-11-20,43.79,41.99,0.0304,0.0184,0.0519,40.35
2020-11-23,45.0,42.91,0.0674,0.0491,0.1111,40.65
2020-11-24,46.63,44.71,0.1233,0.1197,0.128,41.0
2020-11-25,47.3,45.58,0.1075,0.1079,0.1313,41.47
2020-11-26,46.32,,0.0889,0.1052,0.1132,41.96
2020-11-27,46.88,,0.0925,0.0946,0.134,42.48
2020-11-30,46.84,45.2,0.087,0.0873,0.1344,42.94
2020-12-01,47.03,44.54,0.074,0.0607,0.13,43.38
2020-12-02,47.8,45.23,0.0622,0.0541,0.1923,43.79
2020-12-03,48.37,45.65,0.0373,0.021,0.1718,44.23
2020-12-04,49.1,46.23,0.0381,0.0143,0.2061,44.78
2020-12-07,48.63,45.72,0.0499,0.0031,0.245,45.17
2020-12-08,48.84,45.64,0.0418,0.0013,0.2296,45.5
2020-12-09,48.81,45.48,0.0421,0.0062,0.2892,45.81
2020-12-10,50.33,46.76,0.0702,0.0498,0.3766,46.22
2020-12-11,50.01,46.59,0.0462,0.0301,0.3765,46.65
2020-12-14,50.27,47.02,0.0393,0.03,0.3306,47.02
2020-12-15,50.77,47.58,0.034,0.0292,0.3301,47.44
2020-12-16,50.83,47.86,0.0452,0.0468,0.281,47.83
2020-12-17,51.2,48.34,0.0483,0.0592,0.2972,48.24
2020-12-18,52.17,49.04,0.0688,0.0783,0.37,48.66
2020-12-21,50.61,47.79,0.0056,0.022,0.2365,48.94
2020-12-22,49.88,47.02,-0.0026,0.0092,0.1806,49.1
2020-12-23,51.05,47.94,0.0155,0.0196,0.2012,49.29
2020-12-24,50.88,48.18,0.0022,0.0126,0.2068,49.52
2020-12-28,50.88,47.5,0.001,-0.0075,0.2257,49.72
2020-12-29,50.44,47.85,-0.0148,-0.0101,0.181,49.9
2020-12-30,50.74,48.24,-0.0274,-0.0163,0.1928,50.08
2020-12-31,51.22,48.35,0.0121,0.0117,0.1937,50.25
2021-01-04,50.37,47.47,0.0098,0.0096,0.1689,50.35
2021-01-05,53.16,49.78,0.0413,0.0384,0.214,50.55
2021-01-06,53.8,50.45,0.0574,0.0471,0.1956,50.81
2021-01-07,53.7,50.63,0.0554,0.0659,0.1516,51.06
2021-01-08,55.51,52.14,0.1005,0.0897,0.1736,51.39
2021-01-11,54.84,52.15,0.0808,0.0811,0.1839,51.62
2021-01-12,55.98,53.08,0.0929,0.0978,0.1941,51.92
2021-01-13,55.52,52.81,0.1022,0.1125,0.1853,52.18
2021-01-14,55.76,53.47,0.0489,0.0741,0.1856,52.43
2021-01-15,54.8,52.25,0.0186,0.0357,0.1464,52.63
2021-01-18,54.21,,0.0095,0.032,0.1207,52.78
2021-01-19,55.38,52.87,-0.0023,0.014,0.1279,52.94
2021-01-20,55.66,53.16,0.015,0.0194,0.1446,53.19
2021-01-21,55.68,53.0,-0.0054,-0.0015,0.14,53.48
2021-01-22,55.22,52.28,-0.0054,-0.01,0.1313,53.69
2021-01-25,55.44,52.78,-0.0057,-0.0129,0.1015,53.92
2021-01-26,55.26,52.61,0.0084,0.0069,0.105,54.13
2021-01-27,55.07,52.81,0.0159,0.0107,0.0955,54.37
2021-01-28,54.87,52.26,-0.0092,-0.0115,0.0808,54.57
2021-01-29,55.25,52.16,-0.0074,-0.0188,0.087,54.77
2021-02-01,56.42,53.55,0.0133,0.0104,0.102,55.08
2021-02-02,57.62,54.77,0.0435,0.0476,0.1045,55.3
2021-02-03,58.61,55.67,0.0572,0.0548,0.1581,55.54
2021-02-04,58.98,56.19,0.0673,0.068,0.1824,55.8
2021-02-05,59.48,56.8,0.0801,0.0756,0.1651,56.0
2021-02-08,60.17,57.95,0.0966,0.1089,0.1826,56.27
2021-02-09,60.74,58.34,0.0994,0.1185,0.1938,56.51
2021-02-10,61.17,58.69,0.0842,0.096,0.2127,56.79
2021-02-11,61.09,58.22,0.0602,0.063,0.204,57.06
2021-02-12,62.47,59.5,0.0659,0.0688,0.2196,57.44
2021-02-15,63.58,,0.078,0.0589,0.2623,57.91
2021-02-16,63.96,60.07,0.0753,0.0576,0.2032,58.34
2021-02-17,65.02,61.09,0.0806,0.0542,0.2086,58.8
2021-02-18,64.09,60.4,0.0552,0.0353,0.1935,59.23
2021-02-19,62.84,59.12,0.0273,0.0073,0.132,59.61
2021-02-22,64.73,61.67,0.0596,0.0593,0.1803,60.07
2021-02-23,65.16,61.66,0.0431,0.0363,0.164,60.57
2021-02-24,66.85,63.21,0.0514,0.0624,0.2041,61.16
2021-02-25,66.69,63.43,0.0427,0.0559,0.196,61.75
2021-02-26,65.86,61.55,0.0129,0.0075,0.2018,62.28
2021-03-01,64.56,60.54,0.0073,0.0023,0.1909,62.68
2021-03-02,63.17,59.7,0.0053,0.0098,0.1407,62.96
2021-03-03,64.7,61.33,-0.0005,-0.0055,0.1624,63.27
2021-03-04,67.32,63.81,0.0331,0.0349,0.2091,63.68
2021-03-05,69.95,66.08,0.0464,0.0454,0.2668,64.21
2021-03-08,68.0,65.03,0.0196,0.0252,0.2266,64.6
2021-03-09,67.03,64.02,0.0178,0.0401,0.213,64.91
2021-03-10,67.53,64.45,0.046,0.0646,0.2263,65.23
2021-03-11,69.34,66.02,0.0977,0.1059,0.2637,65.64
2021-03-12,68.87,65.59,0.0645,0.0695,0.2465,65.96
2021-03-15,68.78,65.36,0.0217,0.0243,0.2191,66.22
2021-03-16,67.95,64.82,-0.0286,-0.0191,0.1793,66.42
2021-03-17,67.73,64.55,-0.004,-0.0074,0.1556,66.56
2021-03-18,62.11,59.95,-0.0734,-0.0636,0.0531,66.46
2021-03-19,64.0,61.43,-0.0523,-0.0469,0.076,66.52
2021-03-22,63.89,61.48,-0.0786,-0.0688,0.0618,66.47
2021-03-23,59.96,57.75,-0.1294,-0.1195,-0.0128,66.21
2021-03-24,63.7,61.12,-0.0739,-0.0649,0.0414,66.06
2021-03-25,61.21,58.47,-0.0992,-0.098,0.002,65.78
2021-03-26,63.77,60.93,-0.0585,-0.0561,0.0208,65.68
2021-03-29,64.06,61.49,0.0314,0.0257,0.0075,65.65
2021-03-30,63.28,60.55,-0.0112,-0.0143,-0.0106,65.66
2021-03-31,63.52,59.19,-0.0058,-0.0372,-0.0231,65.6
2021-04-01,63.85,61.41,0.0649,0.0634,-0.0037,65.43
2021-04-05,,58.73,0.0024,-0.0391,0.0161,
2021-04-06,61.47,59.34,0.0042,0.0149,-0.0504,
2021-04-07,61.86,59.77,-0.03,-0.019,-0.0506,
2021-04-08,62.09,59.61,-0.0308,-0.0306,-0.0712,
2021-04-09,61.89,59.29,-0.022,-0.0208,-0.072,
2021-04-12,62.38,59.7,-0.0179,0.0086,-0.0528,
2021-04-13,62.83,60.2,-0.016,-0.0197,-0.0268,
2021-04-14,66.11,63.15,0.0354,0.0753,0.0465,
2021-04-15,66.13,63.42,0.0758,0.0688,0.0221,
2021-04-16,65.98,63.16,0.0666,0.0567,-0.0199,
2021-04-19,66.54,63.33,0.0717,0.0624,-0.0487,
2021-04-20,65.34,62.61,0.0557,0.056,-0.0391,
2021-04-21,64.02,61.34,0.0263,0.0275,-0.0449,
2021-04-22,65.07,61.45,0.0357,0.0208,-0.0364,
2021-04-23,65.75,62.18,-0.0054,-0.0154,-0.0518,
2021-04-26,65.5,62.02,-0.0095,-0.0221,-0.0489,
2021-04-27,66.25,63.03,0.0041,-0.0021,-0.0368,
2021-04-28,67.08,63.81,0.0081,0.0076,-0.0128,
2021-04-29,68.26,65.0,0.0447,0.0382,0.0078,
2021-04-30,67.73,63.5,0.058,0.0352,0.0905,
2021-05-03,,64.46,0.0409,0.049,0.0583,
2021-05-04,68.91,65.72,0.0481,0.0569,0.0786,
2021-05-05,69.71,65.63,0.0643,0.0582,0.1626,
2021-05-06,68.62,64.73,0.0358,0.027,0.0772,
2021-05-07,68.73,64.96,0.0246,0.018,0.1229,
2021-05-10,68.61,64.92,0.0051,-0.0012,0.0759,
2021-05-11,68.83,65.31,0.0162,0.0285,0.0745,
2021-05-12,69.62,65.96,0.0279,0.0233,0.1002,
2021-05-13,67.36,63.82,-0.0225,-0.0289,0.0605,
2021-05-14,69.24,65.32,-0.0067,-0.0047,0.0844,
2021-05-17,69.62,66.24,0.0146,0.0233,0.0904,
2021-05-18,69.01,65.49,0.0041,0.0082,0.1227,
2021-05-19,66.88,63.28,-0.0252,-0.0253,0.0812,
2021-05-20,65.18,61.95,-0.053,-0.0514,0.0498,
2021-05-21,66.72,63.61,-0.0417,-0.0356,0.078,
2021-05-24,68.59,66.13,0.0183,0.0362,0.0996,
2021-05-25,68.8,66.27,-0.0064,0.0145,0.095,
2021-05-26,68.93,66.41,-0.0099,0.0026,0.0427,
2021-05-27,69.43,66.87,0.0061,0.0211,0.0499,
2021-05-28,69.36,66.31,0.0371,0.0479,0.0512,
2021-06-01,70.03,67.8,0.0744,0.0944,0.0524,68.61
2021-06-02,70.6,68.79,0.0582,0.0814,0.0805,68.69
2021-06-03,70.71,68.81,0.0309,0.0405,0.1045,68.74
2021-06-04,71.3,69.57,0.0363,0.0498,0.0957,68.88
2021-06-07,70.89,69.21,0.0284,0.0422,0.0782,68.99
2021-06-08,71.39,70.11,0.0282,0.0485,0.0899,69.12
2021-06-09,71.31,69.9,0.0281,0.0541,0.0764,69.25
2021-06-10,71.65,70.34,0.0231,0.0375,0.0681,69.35
2021-06-11,72.05,71.0,0.0205,0.0321,0.0555,69.58
2021-06-14,72.27,70.94,0.0221,0.031,0.067,69.74
2021-06-15,73.38,72.06,0.0292,0.0358,0.0834,69.92
2021-06-16,73.88,72.03,0.0422,0.0407,0.0721,70.17
2021-06-17,72.92,71.06,0.0214,0.0136,0.046,70.47
2021-06-18,73.1,71.64,0.0251,0.0249,0.0653,70.87
2021-06-21,74.49,73.64,0.0396,0.0469,0.0838,71.25
2021-06-22,74.92,73.15,0.0398,0.0303,0.092,71.57
2021-06-23,75.22,73.11,0.0408,0.0306,0.0928,71.89
2021-06-24,75.95,73.31,0.035,0.0173,0.0909,72.24
2021-06-25,76.45,74.21,0.0348,0.0303,0.1349,72.59
2021-06-28,74.78,72.98,0.0255,0.027,0.08,72.86
2021-06-29,75.38,73.14,0.0312,0.0209,0.0827,73.13
2021-06-30,76.94,73.52,0.0329,-0.0016,0.1149,73.45
2021-07-01,76.69,75.33,0.0236,0.0298,0.1467,73.75
2021-07-02,77.51,75.37,0.0304,0.0309,0.1892,74.06
2021-07-05,78.34,,0.0315,0.0281,0.1742,74.43
2021-07-06,75.81,73.62,-0.0084,-0.008,0.1053,74.65
2021-07-07,74.31,72.22,-0.0063,-0.0104,0.0801,74.8
2021-07-08,75.07,72.98,-0.0041,-0.0022,0.0891,74.97
2021-07-09,77.14,74.56,0.0026,0.0141,0.111,75.23
2021-07-12,76.77,74.21,0.001,-0.0149,0.1068,75.45
2021-07-13,77.5,75.24,-0.0001,-0.0017,0.1067,75.66
2021-07-14,75.74,73.06,-0.0332,-0.0306,0.0728,75.75
2021-07-15,74.53,71.67,-0.0169,-0.0265,0.054,75.83
2021-07-16,74.46,71.76,0.002,-0.0064,0.0443,75.9
2021-07-19,69.33,66.45,-0.0765,-0.0895,-0.022,75.64
2021-07-20,70.03,67.32,-0.0922,-0.0971,-0.0191,75.4
2021-07-21,72.54,70.26,-0.0551,-0.0532,0.0172,75.26
2021-07-22,74.25,72.15,-0.0419,-0.0411,0.0363,75.18
2021-07-23,74.86,72.24,-0.0116,-0.0112,0.039,75.1
2021-07-26,74.79,72.15,0.0035,0.0067,0.0349,75.1
2021-07-27,74.87,71.68,0.0055,-0.0011,0.0203,75.07
2021-07-28,75.09,72.37,0.0831,0.0891,0.0164,74.98
2021-07-29,76.3,73.62,0.0895,0.0936,0.0464,74.96
2021-07-30,77.72,73.93,0.0714,0.0522,0.0632,74.97
2021-08-02,73.91,71.31,-0.0046,-0.0116,-0.0078,74.75
2021-08-03,73.24,70.64,-0.0216,-0.0221,-0.0224,74.62
2021-08-04,70.99,68.19,-0.0508,-0.0549,-0.0562,74.46
2021-08-05,72.14,69.1,-0.0365,-0.036,-0.0502,74.31
2021-08-06,71.02,68.26,-0.0542,-0.0568,-0.071,74.0
2021-08-09,69.65,66.56,-0.0872,-0.0959,-0.0686,73.65
2021-08-10,71.14,68.33,-0.0847,-0.0757,-0.0562,73.33
2021-08-11,71.99,69.3,-0.026,-0.0282,-0.0643,73.14
2021-08-12,71.79,69.12,-0.0198,-0.0215,-0.0639,73.01
2021-08-13,70.9,68.36,-0.0013,0.0025,-0.0853,72.83
2021-08-16,70.07,67.44,-0.0287,-0.024,-0.1056,72.86
2021-08-17,69.4,66.5,-0.0228,-0.0258,-0.0846,72.83
2021-08-18,68.61,65.36,-0.0149,-0.018,-0.0767,72.64
2021-08-19,66.8,63.69,-0.061,-0.0679,-0.1102,72.26
2021-08-20,65.51,62.25,-0.09,-0.1017,-0.1508,71.8
2021-08-23,69.07,65.65,-0.0379,-0.0502,-0.1003,71.51
2021-08-24,71.21,67.5,0.0044,-0.0126,-0.0812,71.33
2021-08-25,72.12,68.54,0.0293,0.0163,-0.0478,71.18
2021-08-26,70.42,67.42,0.0147,0.0138,-0.0551,70.89
2021-08-27,72.26,68.84,0.0532,0.0532,-0.0295,70.61
2021-08-30,,69.28,0.0817,0.0878,0.0423,
2021-08-31,73.45,68.43,0.1212,0.0993,0.0488,
2021-09-01,71.99,68.63,0.0423,0.0454,-0.0076,
2021-09-02,73.56,70.07,0.033,0.0381,-0.0093,
2021-09-03,73.07,69.34,0.0132,0.0117,-0.0239,
2021-09-06,72.43,,0.0285,0.0285,-0.0316,
2021-09-07,71.52,68.49,-0.0102,-0.0051,-0.0447,
2021-09-08,72.36,69.36,0.0014,0.0012,-0.0364,
2021-09-09,71.32,68.26,-0.029,-0.0025,-0.0653,
2021-09-10,72.44,69.82,0.0063,0.0173,-0.0679,
2021-09-13,72.97,70.54,-0.008,0.0067,-0.0127,
2021-09-14,73.05,70.53,-0.0003,0.0172,-0.0026,
2021-09-15,74.84,72.59,0.0333,0.0469,0.0542,
2021-09-16,75.14,72.69,0.0506,0.0613,0.0416,
2021-09-17,74.64,72.09,0.0315,0.0394,0.051,
2021-09-20,73.59,70.41,0.0318,0.0315,0.0566,
2021-09-21,73.65,70.51,0.0167,0.0099,0.0353,
2021-09-22,75.5,72.37,0.0347,0.0259,0.0488,
2021-09-23,76.44,73.43,0.0464,0.0411,0.0648,
2021-09-24,77.42,74.18,0.0345,0.0219,0.092,
2021-09-27,78.85,75.54,0.0494,0.0392,0.1253,73.91
2021-09-28,78.3,75.44,0.049,0.0465,0.1282,74.15
2021-09-29,77.86,75.06,0.058,0.066,0.1348,74.45
2021-09-30,77.81,75.22,0.0565,0.0668,0.1648,74.66
2021-10-01,79.4,76.01,0.0517,0.0503,0.212,74.98
2021-10-04,81.44,77.68,0.0654,0.0579,0.1791,75.43
2021-10-05,82.72,79.17,0.0685,0.0673,0.1616,75.99
2021-10-06,81.39,77.66,0.0322,0.0281,0.1285,76.44
2021-10-07,82.34,78.46,0.0516,0.04,0.1693,76.99
2021-10-08,82.17,79.55,0.0554,0.0598,0.1371,77.48
2021-10-11,83.75,80.64,0.0763,0.0721,0.159,78.02
2021-10-12,83.53,80.75,0.052,0.0624,0.1372,78.54
2021-10-13,83.53,80.67,0.0257,0.0385,0.1603,78.97
2021-10-14,83.86,81.43,0.0138,0.0285,0.14,79.41
2021-10-15,84.67,82.39,0.0403,0.0609,0.1588,79.91
2021-10-18,84.13,82.62,0.0217,0.053,0.1615,80.44
2021-10-19,85.02,83.19,0.0347,0.0458,0.1888,81.01
2021-10-20,85.76,84.4,0.024,0.0466,0.1852,81.52
2021-10-21,84.58,82.64,0.0126,0.0234,0.1859,81.93
2021-10-22,85.43,84.53,0.0227,0.0478,0.1793,82.33
2021-10-25,84.85,84.64,0.0118,0.0394,0.1628,82.63
2021-10-26,85.11,85.64,0.0052,0.0394,0.1651,82.97
2021-10-27,84.12,82.66,-0.0001,0.0005,0.124,83.28
2021-10-28,83.4,82.78,-0.0191,-0.0049,0.1099,83.56
2021-10-29,83.1,83.5,-0.031,-0.0107,0.1133,83.74
2021-11-01,84.51,84.08,-0.0008,0.0174,0.1484,83.9
2021-11-02,84.42,83.91,-0.0118,-0.0073,0.1462,83.98
2021-11-03,81.1,80.82,-0.0442,-0.0451,0.0742,83.97
2021-11-04,80.15,78.88,-0.0583,-0.0789,0.0485,83.86
2021-11-05,82.43,81.25,-0.0201,-0.0171,0.0647,83.87
2021-11-08,83.22,81.96,-0.0022,-0.0099,0.0554,83.85
2021-11-09,84.52,84.12,0.0171,0.0074,0.0794,83.9
2021-11-10,82.91,81.23,-0.0189,-0.0339,0.0649,83.86
2021-11-11,83.4,81.47,-0.0121,-0.0291,0.0718,83.84
2021-11-12,82.9,80.87,0.0222,0.0006,0.0441,83.75
2021-11-15,81.94,80.85,0.0223,0.025,0.0061,83.64
2021-11-16,82.85,80.76,0.0051,-0.006,0.0016,83.54
2021-11-17,80.67,78.32,-0.0306,-0.0444,-0.0088,83.28
2021-11-18,82.45,78.92,-0.0245,-0.0618,0.0013,83.17
2021-11-19,80.24,76.11,-0.0322,-0.063,-0.0235,82.91
2021-11-22,80.97,76.74,-0.0291,-0.0581,-0.0332,82.72
2021-11-23,83.43,78.32,0.0064,-0.0315,-0.0012,82.64
2021-11-24,82.37,78.32,0.0052,-0.0313,-0.0139,82.55
2021-11-25,82.05,,-0.0097,-0.0302,-0.0216,82.48
2021-11-26,72.37,,-0.1029,0.0,-0.1453,81.94
2021-11-29,73.34,69.88,-0.1105,-0.1145,-0.1283,81.39
2021-11-30,70.86,66.14,-0.1169,-0.131,-0.1665,80.71
2021-12-01,69.53,65.44,-0.1413,-0.1473,-0.1892,80.13
2021-12-02,70.56,66.6,-0.1543,-0.1496,-0.1658,79.65
2021-12-03,70.71,66.39,-0.1416,-0.1523,-0.1723,79.06
2021-12-06,73.38,69.62,-0.1057,-0.1111,-0.1352,78.57
2021-12-07,75.54,71.94,0.0438,-0.0815,-0.1124,78.12
2021-12-08,75.94,72.43,0.0355,0.0365,-0.0972,77.78
2021-12-09,74.1,70.87,0.0457,0.0715,-0.1115,77.31
2021-12-10,74.98,71.71,0.0784,0.0958,-0.0977,76.91
2021-12-13,74.12,71.19,0.0505,0.0689,-0.1229,76.52
2021-12-14,73.37,70.57,0.0376,0.063,-0.1309,76.05
2021-12-15,73.71,70.89,0.0045,0.0182,-0.0911,75.7
2021-12-16,74.64,72.34,-0.0119,0.0056,-0.0687,75.31
2021-12-17,72.97,70.93,-0.0391,-0.0207,-0.1148,74.95
2021-12-20,70.51,68.69,-0.0484,-0.0308,-0.1527,74.42
2021-12-21,72.85,71.1,-0.0284,-0.0085,-0.1381,73.9
2021-12-22,74.69,72.82,0.0077,0.0229,-0.0991,73.51
2021-12-23,76.26,73.89,0.0394,0.047,-0.0856,73.22
2021-12-24,75.24,,0.0208,0.0423,-0.0924,73.36
2021-12-27,,75.49,0.008,0.0435,-0.0818,
2021-12-28,,76.01,0.0311,0.0716,-0.0919,
2021-12-29,78.63,76.58,0.1152,0.1149,-0.0253,
2021-12-30,78.61,76.83,0.0791,0.0806,-0.0466,
2021-12-31,77.24,75.33,0.0341,0.0345,-0.0374,
2022-01-03,78.25,75.99,0.0261,0.0284,-0.0336,
2022-01-04,79.39,77.0,0.0552,0.0421,-0.0484,
2022-01-05,80.6,77.83,0.0712,0.031,-0.0215,
2022-01-06,81.99,79.47,0.0897,0.0455,-0.0007,
2022-01-07,82.28,79.0,0.0464,0.0316,0.1369,
2022-01-10,81.56,78.11,0.0375,0.0167,0.1121,
2022-01-11,84.98,81.17,0.1002,0.0775,0.1993,
2022-01-12,85.83,82.51,0.0969,0.0858,0.2344,
2022-01-13,85.8,81.97,0.0807,0.0645,0.216,
2022-01-14,87.17,83.82,0.0815,0.077,0.2328,
2022-01-17,87.82,,0.0711,0.0547,0.1968,
2022-01-18,88.83,85.42,0.0796,0.0813,0.1759,
2022-01-19,89.64,86.84,0.0991,0.1118,0.1804,
2022-01-20,89.75,86.29,0.0561,0.0631,0.2112,
2022-01-21,89.75,85.16,0.0457,0.0321,0.197,
2022-01-24,87.74,84.48,0.0226,0.0306,0.1838,
2022-01-25,89.49,86.61,0.0266,0.0333,0.2197,84.27
2022-01-26,91.22,88.33,0.0387,0.0538,0.2376,84.9
2022-01-27,90.7,87.61,0.0211,0.0256,0.2152,85.5
2022-01-28,91.47,87.67,0.0204,0.0096,0.2535,86.21
2022-01-31,92.35,89.16,0.029,0.0333,0.3097,86.92
2022-02-01,90.24,88.22,0.0055,0.0359,0.2387,87.46
2022-02-02,91.43,88.16,0.0421,0.0436,0.2241,88.0
2022-02-03,92.99,90.17,0.0391,0.0411,0.2194,88.55
2022-02-04,96.86,92.27,0.0618,0.0446,0.2873,89.28
2022-02-07,97.28,91.25,0.0725,0.0415,0.2929,90.07
2022-02-08,96.07,89.32,0.0503,0.0188,0.2768,90.62
2022-02-09,94.95,89.57,0.0282,0.0046,0.2076,91.08
2022-02-10,96.37,89.83,0.0679,0.0182,0.2259,91.61
2022-02-11,97.5,93.1,0.0664,0.056,0.2623,92.12
2022-02-14,101.66,95.52,0.0932,0.0593,0.2992,92.81
2022-02-15,98.43,92.07,0.0162,-0.0022,0.2398,93.29
2022-02-16,97.44,93.83,0.0016,0.0283,0.2089,93.68
2022-02-17,95.28,91.78,-0.0082,0.0275,0.1621,93.96
2022-02-18,96.18,91.26,0.013,0.0189,0.1689,94.28
2022-02-21,98.95,,0.0268,0.0159,0.2132,94.84
2022-02-22,98.73,92.11,0.0126,-0.0106,0.1618,95.3
2022-02-23,99.29,92.14,-0.0233,-0.0354,0.1568,95.71
2022-02-24,101.29,92.77,0.0291,0.0076,0.1805,96.24
2022-02-25,98.56,91.68,0.0115,-0.0229,0.1307,96.59
2022-02-28,103.08,96.13,0.0819,0.0474,0.1738,97.13
2022-03-01,110.93,103.66,0.1534,0.1359,0.2488,98.16
2022-03-02,118.94,110.74,0.202,0.2135,0.3269,99.54
2022-03-03,115.36,107.69,0.1684,0.1691,0.2853,100.66
2022-03-04,123.86,115.77,0.2475,0.2565,0.3801,102.01
2022-03-07,129.02,119.26,0.2738,0.2855,0.4705,103.59
2022-03-08,133.18,123.64,0.3513,0.3486,0.4882,105.45
2022-03-09,116.58,108.81,0.131,0.1319,0.278,106.53
2022-03-10,114.54,105.93,0.0325,0.0219,0.2628,107.44
2022-03-11,118.11,109.31,-0.007,-0.0129,0.2912,108.47
2022-03-14,110.39,103.22,-0.0431,-0.0415,0.1953,108.91
2022-03-15,105.14,96.42,-0.1511,-0.1671,0.1651,109.24
2022-03-16,104.61,94.85,-0.1892,-0.2047,0.1442,109.6
2022-03-17,113.5,102.97,-0.1478,-0.1672,0.2206,110.51
2022-03-18,114.32,104.69,-0.0194,-0.0379,0.1803,111.42
2022-03-21,122.29,112.14,0.0677,0.0586,0.2571,112.59
2022-03-22,121.53,111.03,0.029,0.0157,0.265,113.73
2022-03-23,127.52,114.89,0.1552,0.1131,0.343,115.14
2022-03-24,123.98,114.2,0.1792,0.1844,0.2865,116.27
2022-03-25,122.67,116.2,0.1726,0.2251,0.2582,117.48
2022-03-28,114.5,107.55,0.0088,0.0445,0.1263,118.05
2022-03-29,112.79,104.25,-0.0134,-0.0042,0.1459,118.14
2022-03-30,115.59,107.81,-0.0548,-0.0386,0.1863,117.97
2022-03-31,107.29,100.53,-0.1172,-0.0946,0.126,117.57
2022-04-01,106.13,99.32,-0.1677,-0.1355,0.1035,116.68
2022-04-04,108.15,103.29,-0.1277,-0.0955,0.093,115.64
2022-04-05,106.6,101.98,-0.131,-0.1224,0.0797,114.31
2022-04-06,100.81,96.39,-0.1196,-0.1038,0.0153,113.52
2022-04-07,99.83,96.05,-0.1149,-0.0787,-0.0144,112.79
2022-04-08,101.26,98.35,-0.124,-0.0877,0.0274,111.94
2022-04-11,97.92,94.22,-0.0873,-0.0628,-0.0501,111.32
2022-04-12,104.42,100.52,-0.0161,0.0121,-0.0587,111.29
2022-04-13,108.49,104.26,0.0031,0.0094,-0.0879,111.48
2022-04-14,110.83,106.84,0.0397,0.0477,-0.0393,111.35
2022-04-18,,108.24,0.0994,0.1229,-0.1052,
2022-04-19,105.49,102.54,0.0567,0.0676,-0.1824,
2022-04-20,105.05,102.56,0.0374,0.0428,-0.2112,
2022-04-21,107.2,103.89,0.0948,0.1026,-0.0805,
2022-04-22,105.15,102.86,0.007,0.0233,-0.082,
2022-04-25,99.27,99.6,-0.085,-0.0447,-0.1595,
2022-04-26,102.89,102.62,-0.0716,-0.0395,-0.0679,
2022-04-27,103.3,101.96,-0.0679,-0.058,-0.0175,
2022-04-28,105.78,105.47,0.0027,0.0286,0.0112,
2022-04-29,108.36,104.59,0.0315,0.0198,-0.0453,
2022-05-02,,105.18,0.0108,0.0124,-0.0521,
2022-05-03,104.94,102.53,-0.002,-0.0032,-0.1419,
2022-05-04,110.53,107.84,0.1134,0.0827,-0.0905,
2022-05-05,112.11,108.17,0.0896,0.0541,-0.1208,
2022-05-06,113.86,109.72,0.1022,0.0761,-0.0816,
2022-05-09,106.67,103.08,0.0084,-0.0227,-0.1304,
2022-05-10,102.61,99.74,-0.0531,-0.0464,-0.1038,
2022-05-11,107.7,105.5,-0.0061,0.003,-0.0451,
2022-05-12,108.06,106.15,0.0297,0.0353,-0.0651,
2022-05-13,112.12,110.52,0.0144,0.0249,0.045,
2022-05-16,114.86,114.07,0.0245,0.0545,0.0823,
2022-05-17,112.89,112.31,-0.0085,0.0236,0.0438,
2022-05-18,110.04,109.67,0.0316,0.0639,0.0323,
2022-05-19,113.22,112.21,0.1034,0.125,0.1231,
2022-05-20,113.63,112.63,0.0551,0.0676,0.1382,
2022-05-23,115.13,110.32,0.0654,0.0393,0.137,
2022-05-24,115.77,112.55,0.0326,0.0184,0.1823,
2022-05-25,116.41,112.88,0.0135,-0.0104,0.1148,
2022-05-26,119.81,116.19,0.0613,0.0345,0.1043,
2022-05-27,121.19,114.96,0.1013,0.0482,0.0935,
2022-05-30,123.01,,0.0865,0.0245,0.1099,112.73
2022-05-31,125.53,114.38,0.1047,0.0155,0.19,113.76
2022-06-01,122.2,115.26,0.0614,0.0448,0.1633,114.34
2022-06-02,,116.88,0.0555,0.0385,0.1399,
2022-06-03,125.68,118.97,0.0796,0.054,0.1952,
2022-06-06,124.99,118.41,0.0432,0.0191,0.2591,
2022-06-07,126.89,119.55,0.047,0.0399,0.2333,
2022-06-08,129.2,121.94,0.0503,0.0607,0.2507,
2022-06-09,128.47,121.52,0.0234,0.0624,0.2145,
2022-06-10,127.44,120.73,0.0429,0.0475,0.1761,
2022-06-13,128.44,120.92,0.0511,0.0346,0.1853,
2022-06-14,127.02,118.92,0.0107,-0.0004,0.2104,
2022-06-15,124.96,115.32,-0.0002,-0.0261,0.1306,
2022-06-16,125.78,117.56,-0.0087,-0.0166,0.1219,
2022-06-17,119.22,109.56,-0.0772,-0.1015,0.0471,
2022-06-20,118.25,,-0.0796,-0.0984,0.1086,
2022-06-21,118.51,110.49,-0.0701,-0.0848,0.155,
2022-06-22,115.54,106.22,-0.1004,-0.1216,0.0728,
2022-06-23,114.5,105.75,-0.0986,-0.1107,0.0596,
2022-06-24,117.36,109.07,-0.0608,-0.0542,0.0467,
2022-06-27,119.69,111.44,-0.0484,-0.0521,0.0421,
2022-06-28,122.21,113.66,0.0251,0.0374,0.0826,
2022-06-29,120.8,111.65,0.0216,0.0191,0.0978,
2022-06-30,119.78,107.76,0.0107,-0.0247,0.0579,122.74
2022-07-01,119.21,110.3,0.0318,0.0384,0.0491,122.41
2022-07-04,121.8,,0.0638,0.043,0.0579,122.25
2022-07-05,110.49,101.55,-0.0585,-0.0689,-0.0456,121.43
2022-07-06,108.54,100.31,-0.0932,-0.0999,-0.0676,120.4
2022-07-07,113.4,104.62,-0.0721,-0.0795,-0.0535,119.65
2022-07-08,113.95,106.78,-0.0567,-0.0436,-0.0597,118.97
2022-07-11,114.85,106.09,-0.0412,-0.0155,-0.0663,118.29
2022-07-12,106.98,97.69,-0.1026,-0.1143,-0.1478,117.29
2022-07-13,107.17,98.44,-0.1201,-0.1075,-0.123,116.4
2022-07-14,107.74,97.79,-0.0249,-0.037,-0.1183,115.5
2022-07-15,112.26,99.59,0.0343,-0.0072,-0.1068,115.15
2022-07-18,117.27,104.48,0.0341,-0.0013,-0.0618,115.1
2022-07-19,114.96,106.12,0.0089,-0.0062,-0.094,114.92
2022-07-20,115.86,104.45,0.0088,-0.0155,-0.1033,114.94
2022-07-21,112.81,98.44,0.0545,0.0077,-0.1219,114.86
2022-07-22,106.77,97.71,-0.0037,-0.0074,-0.1622,114.33
2022-07-25,108.23,99.83,0.0045,0.0209,-0.1573,113.75
2022-07-26,107.32,97.74,-0.044,-0.0186,-0.1551,113.01
2022-07-27,109.64,100.03,-0.0651,-0.0426,-0.1226,112.45
2022-07-28,109.68,99.11,-0.0459,-0.0661,-0.128,111.95
2022-07-29,111.51,101.31,-0.0375,-0.0301,-0.0647,111.56
2022-08-01,106.09,96.59,-0.0596,-0.0188,-0.1028,110.78
2022-08-02,106.51,97.14,-0.0024,-0.0058,-0.1013,110.58
2022-08-03,101.82,93.25,-0.0592,-0.0659,-0.1187,110.24
2022-08-04,97.99,91.29,-0.0869,-0.066,-0.1442,109.47
2022-08-05,100.31,91.77,-0.0851,-0.0826,-0.1453,108.79
2022-08-08,103.46,93.52,-0.0567,-0.0564,-0.1356,108.22
2022-08-09,103.81,93.18,-0.0691,-0.0802,-0.1506,108.06
2022-08-10,105.06,94.68,-0.0097,-0.0198,-0.1303,107.96
2022-08-11,107.19,97.02,0.0064,-0.0012,-0.1051,107.93
2022-08-12,103.7,94.86,0.0185,0.0173,-0.1301,107.5
2022-08-15,98.25,92.24,0.0027,0.0104,-0.1933,106.55
2022-08-16,95.36,89.23,-0.0493,-0.0277,-0.1369,105.57
2022-08-17,97.22,90.85,-0.0603,-0.0286,-0.1043,104.64
2022-08-18,96.35,93.2,-0.0719,0.0002,-0.1504,103.81
2022-08-19,96.45,93.55,-0.082,-0.0119,-0.1536,103.3
2022-08-22,95.06,93.42,-0.1132,-0.0371,-0.1723,102.64
2022-08-23,99.49,96.46,-0.0406,0.0169,-0.07,102.25
2022-08-24,99.87,95.52,0.0165,0.0356,-0.0681,101.76
2022-08-25,98.81,93.33,0.0362,0.0459,-0.0829,101.22
2022-08-26,101.13,93.63,0.0402,0.0306,-0.0991,100.7
2022-08-29,,97.4,0.0496,0.0451,-0.1376,
2022-08-30,99.34,92.08,0.03,-0.0157,-0.1359,
2022-08-31,96.55,90.09,0.0157,-0.0356,-0.1667,
2022-09-01,92.24,87.09,-0.0729,-0.0971,-0.1823,
2022-09-02,93.09,87.29,-0.0679,-0.0862,-0.1281,
2022-09-05,94.22,,-0.0465,-0.0647,-0.1294,
2022-09-06,91.43,87.35,-0.0959,-0.0671,-0.1481,
2022-09-07,86.83,82.5,-0.1414,-0.153,-0.208,
2022-09-08,87.99,84.04,-0.1143,-0.0873,-0.1978,
2022-09-09,91.68,87.27,-0.0504,-0.0313,-0.1778,
2022-09-12,93.45,88.18,0.0131,0.0125,-0.1191,
2022-09-13,92.04,87.84,-0.0113,0.0063,-0.1359,
2022-09-14,92.83,88.88,-0.0148,0.0182,-0.0883,
2022-09-15,89.28,85.72,-0.0235,-0.0187,-0.0889,
2022-09-16,89.43,85.57,0.0299,0.0372,-0.1085,
2022-09-19,,86.15,0.0164,0.0251,-0.1356,
2022-09-20,89.62,84.69,-0.0225,-0.0296,-0.1367,
2022-09-21,89.86,83.38,-0.0384,-0.0544,-0.1447,
2022-09-22,90.4,84.02,-0.0178,-0.0435,-0.1566,
2022-09-23,84.29,79.07,-0.092,-0.1104,-0.1872,
2022-09-26,82.55,77.17,-0.0754,-0.0997,-0.1598,
2022-09-27,85.97,78.91,-0.0387,-0.0778,-0.0985,
2022-09-28,89.55,82.61,0.0013,-0.0411,-0.0789,
2022-09-29,89.41,81.78,-0.0023,-0.0344,-0.072,
2022-09-30,88.9,79.91,-0.0107,-0.0416,-0.0783,
2022-10-03,90.68,84.05,0.0031,0.0004,-0.0461,
2022-10-04,93.74,86.87,0.1121,0.0986,-0.0578,
2022-10-05,94.35,88.22,0.1429,0.1432,-0.0553,
2022-10-06,95.65,88.9,0.1126,0.1266,-0.032,
2022-10-07,98.88,93.07,0.1042,0.1266,-0.0222,
2022-10-10,97.13,91.6,0.0863,0.1201,-0.0396,
2022-10-11,95.17,89.75,0.0705,0.1231,-0.042,
2022-10-12,93.44,87.83,0.0304,0.045,-0.0322,
2022-10-13,95.16,89.59,0.0151,0.0313,0.0317,
2022-10-14,92.22,86.1,-0.0226,-0.024,-0.0093,
2022-10-17,91.04,86.0,-0.0482,-0.0326,-0.0338,91.4
2022-10-18,89.46,83.29,-0.0953,-0.1051,-0.0215,91.39
2022-10-19,91.34,86.0,-0.0596,-0.0611,0.0519,91.47
2022-10-20,91.52,86.02,-0.0384,-0.0416,0.0401,91.52
2022-10-21,91.82,85.47,-0.0173,-0.0269,0.0015,91.9
2022-10-24,91.57,86.12,-0.0377,-0.0387,-0.0201,92.35
2022-10-25,91.76,86.93,-0.005,0.0096,-0.003,92.64
2022-10-26,92.93,89.39,0.0208,0.0394,0.0011,92.81
2022-10-27,94.17,89.06,0.0526,0.0693,0.0548,93.05
2022-10-28,94.64,87.85,0.0361,0.0215,0.0583,93.33
2022-10-31,93.3,86.54,0.0194,0.006,0.0433,93.46
2022-11-01,95.12,88.36,0.0359,0.0338,0.0614,93.53
2022-11-02,96.07,90.06,0.0491,0.0458,0.0691,93.62
2022-11-03,95.29,88.14,0.0385,0.0139,0.0541,93.6
2022-11-04,99.53,92.58,0.071,0.0357,0.1808,93.63
2022-11-07,99.87,91.8,0.0605,0.0308,0.2098,93.77
2022-11-08,96.85,88.8,0.0234,0.0108,0.1266,93.85
2022-11-09,93.05,85.79,-0.0027,-0.0087,0.0391,93.84
2022-11-10,94.25,86.52,-0.0091,-0.0208,0.0541,93.79
2022-11-11,96.37,89.14,0.0031,-0.0102,0.084,94.0
2022-11-14,93.59,85.85,-0.0178,-0.026,0.0321,94.12
2022-11-15,94.3,86.87,-0.0525,-0.0617,0.006,94.37
2022-11-16,92.61,85.62,-0.0727,-0.0673,-0.0184,94.43
2022-11-17,91.0,81.69,-0.0604,-0.0801,-0.0486,94.4
2022-11-18,88.93,80.07,-0.0443,-0.0667,-0.1006,94.26
2022-11-21,88.44,79.74,-0.0616,-0.0784,-0.0895,94.1
2022-11-22,88.65,80.83,-0.0801,-0.0932,-0.0685,93.95
2022-11-23,85.9,77.93,-0.0822,-0.0923,-0.0807,93.6
2022-11-24,85.59,,-0.0924,-0.1029,-0.1006,93.17
2022-11-25,83.4,76.45,-0.0994,-0.1071,-0.0956,92.61
2022-11-28,83.5,77.1,-0.0824,-0.0562,-0.0828,92.12
2022-11-29,83.22,77.96,-0.0642,-0.0264,-0.0698,91.52
2022-11-30,85.61,80.48,-0.032,0.0093,-0.0627,91.0
2022-12-01,86.28,81.06,-0.0267,0.0028,-0.0573,90.55
2022-12-02,86.54,79.86,0.0075,0.0248,-0.0575,89.9
2022-12-05,83.36,76.83,-0.0261,-0.0141,-0.0897,89.07
2022-12-06,79.92,74.21,-0.0417,-0.0293,-0.129,88.23
2022-12-07,77.11,71.93,-0.0765,-0.0671,-0.1702,87.43
2022-12-08,76.02,71.3,-0.0865,-0.0854,-0.1927,86.52
2022-12-09,76.37,71.05,-0.1079,-0.1172,-0.193,85.52
2022-12-12,78.0,72.96,-0.096,-0.0999,-0.164,84.74
2022-12-13,80.14,75.44,-0.074,-0.0553,-0.1575,84.03
2022-12-14,83.33,77.14,-0.0004,0.004,-0.1326,83.57
2022-12-15,82.34,75.89,0.0303,0.0226,-0.1359,83.13
2022-12-16,80.2,74.19,0.0401,0.0314,-0.1942,82.7
2022-12-19,81.66,75.05,0.0742,0.0526,-0.1823,82.36
2022-12-20,79.45,75.92,0.0403,0.0685,-0.1797,81.9
2022-12-21,80.25,78.17,0.0288,0.0714,-0.1376,81.61
2022-12-22,79.58,77.68,-0.007,0.0297,-0.1556,81.31
2022-12-23,82.45,79.57,-0.0106,0.0315,-0.1444,81.27
2022-12-27,,79.45,0.0013,0.0469,-0.119,
2022-12-28,81.7,78.89,0.0187,0.0634,-0.1336,
2022-12-29,80.96,78.43,-0.0086,0.045,-0.1258,
2022-12-30,82.82,80.16,0.0424,0.0558,-0.0899,
2023-01-03,80.36,76.87,0.0014,-0.0166,-0.0964,
2023-01-04,75.31,72.82,-0.0537,-0.0626,-0.1485,
2023-01-05,76.73,73.61,-0.0694,-0.0749,-0.1345,
2023-01-06,76.41,73.77,-0.0733,-0.0715,-0.1105,
2023-01-09,77.5,74.69,-0.0514,-0.0532,-0.0945,
2023-01-10,78.4,75.11,-0.0316,-0.0423,-0.06,
2023-01-11,81.11,77.46,-0.0206,-0.0337,-0.0286,
2023-01-12,82.59,78.32,0.0278,0.0189,-0.0076,
2023-01-13,83.43,79.9,0.1078,0.0972,-0.0255,
2023-01-16,82.65,,0.0772,0.0855,-0.0421,
2023-01-17,84.38,80.25,0.1043,0.0878,-0.025,
2023-01-18,83.78,79.53,0.081,0.0648,0.005,
2023-01-19,85.08,80.31,0.0852,0.0692,0.0646,
2023-01-20,86.96,81.27,0.0721,0.0492,0.1277,
2023-01-23,87.54,81.62,0.0599,0.0421,0.1515,
2023-01-24,85.25,79.86,0.0218,-0.0005,0.1163,
2023-01-25,85.08,79.78,0.0294,-0.0015,0.0908,81.9
2023-01-26,86.29,80.64,0.0226,0.0049,0.0767,82.13
2023-01-27,85.36,79.73,0.0189,0.0025,0.0244,82.35
2023-01-30,84.9,77.97,-0.0021,-0.0291,0.0311,82.46
2023-01-31,83.42,78.95,-0.0407,-0.0285,0.0401,82.61
2023-02-01,81.61,76.34,-0.0677,-0.0647,-0.0006,82.92
2023-02-02,80.57,75.87,-0.0549,-0.05,0.0141,83.12
2023-02-03,78.85,73.4,-0.0732,-0.08,-0.0174,83.24
2023-02-06,80.48,74.11,-0.0673,-0.081,0.0113,83.39
2023-02-07,82.92,77.17,-0.0286,-0.0321,0.0057,83.61
2023-02-08,84.17,78.47,-0.0086,0.0064,0.0209,83.77
2023-02-09,83.46,78.04,0.0005,-0.0115,0.0215,83.81
2023-02-10,85.46,79.74,0.0472,0.0445,0.0556,83.91
2023-02-13,85.98,80.14,0.0671,0.0563,0.0382,84.08
2023-02-14,84.96,79.08,0.0775,0.0774,0.0572,84.11
2023-02-15,84.11,78.57,0.0451,0.0602,0.1169,84.12
2023-02-16,83.84,78.45,0.0111,0.0166,0.0927,84.06
2023-02-17,81.97,76.31,-0.0261,-0.0275,0.0728,83.81
2023-02-20,82.79,,-0.008,-0.0222,0.0683,83.57
2023-02-21,82.14,76.28,-0.0388,-0.0434,0.0477,83.42
2023-02-22,79.55,73.95,-0.0748,-0.0772,-0.0192,83.14
2023-02-23,82.08,75.26,-0.0339,-0.0483,-0.0062,82.93
2023-02-24,82.31,76.19,-0.0214,-0.0303,-0.0134,82.78
2023-02-27,81.24,75.57,-0.031,-0.0367,-0.0171,82.6
2023-02-28,83.21,76.88,0.0151,0.0075,-0.0139,82.58
2023-03-01,83.68,77.57,0.0108,0.0165,-0.0012,82.69
2023-03-02,84.15,78.05,0.0245,0.0232,-0.0109,82.87
2023-03-03,85.74,79.62,0.0778,0.0767,-0.014,83.21
2023-03-06,85.86,80.39,0.0461,0.0682,-0.0192,83.48
2023-03-07,83.03,77.45,0.0087,0.0165,-0.026,83.49
2023-03-08,82.1,76.56,0.0106,0.0131,-0.035,83.38
2023-03-09,81.0,75.6,-0.0266,-0.0166,-0.0613,83.26
2023-03-10,82.3,76.55,-0.0165,-0.0131,-0.0358,83.1
2023-03-13,79.67,74.68,-0.0532,-0.0432,-0.0616,82.79
2023-03-14,76.77,71.18,-0.1046,-0.106,-0.0797,82.38
2023-03-15,74.3,67.38,-0.1346,-0.1618,-0.0896,81.89
2023-03-16,73.12,68.15,-0.1194,-0.1201,-0.0925,81.35
2023-03-17,71.03,66.61,-0.1348,-0.13,-0.0992,80.8
2023-03-20,72.42,67.56,-0.1059,-0.1063,-0.1001,80.28
2023-03-21,74.78,69.4,-0.0914,-0.0934,-0.0982,79.92
2023-03-22,76.08,70.71,-0.0451,-0.0532,-0.0961,79.74
2023-03-23,74.31,69.77,-0.032,-0.0198,-0.1096,79.35
2023-03-24,73.63,69.22,-0.009,0.0273,-0.1384,78.92
2023-03-27,76.8,72.87,0.0503,0.0693,-0.1068,78.7
2023-03-28,78.07,73.12,0.0991,0.0977,-0.0811,78.44
2023-03-29,77.51,72.95,0.0703,0.0798,-0.0785,78.13
2023-03-30,78.45,74.32,0.0491,0.0709,-0.0643,77.85
2023-03-31,79.19,75.68,0.0409,0.0703,-0.0339,77.52
2023-04-03,85.81,80.4,0.1548,0.1524,0.0365,77.52
2023-04-04,85.7,80.7,0.1639,0.1658,0.0433,77.65
2023-04-05,85.89,80.69,0.1184,0.1073,0.0797,77.84
2023-04-06,86.56,80.7,0.1087,0.1037,0.0546,78.12
2023-04-10,,79.79,0.1168,0.0938,0.0516,
2023-04-11,87.32,81.54,0.1131,0.0971,0.0748,
2023-04-12,88.31,83.26,0.1152,0.1002,0.0613,
2023-04-13,86.51,82.16,0.0082,0.0219,0.0338,
2023-04-14,87.31,82.58,0.0188,0.0233,0.0376,
2023-04-17,85.63,80.93,-0.003,0.003,-0.0013,
2023-04-18,85.48,80.85,-0.0125,0.0019,-0.0044,
2023-04-19,85.34,79.18,-0.0141,-0.0076,0.0278,
2023-04-20,83.29,77.27,-0.0462,-0.0524,0.0145,
2023-04-21,83.36,77.86,-0.0561,-0.0649,0.0291,
2023-04-24,84.23,78.64,-0.0264,-0.0428,0.0235,
2023-04-25,82.13,77.05,-0.0593,-0.067,0.0309,
2023-04-26,79.19,74.33,-0.0752,-0.0816,0.0315,
2023-04-27,80.11,74.77,-0.0628,-0.0752,0.0782,
2023-04-28,81.32,76.78,-0.0471,-0.0303,0.1121,
2023-05-01,,75.65,-0.0237,-0.021,0.1449,
2023-05-02,76.71,71.71,-0.0798,-0.079,0.0592,
2023-05-03,72.91,68.62,-0.1344,-0.1274,-0.025,
2023-05-04,73.0,68.52,-0.1112,-0.1107,-0.0405,
2023-05-05,75.85,71.32,-0.0422,-0.0405,0.0207,
2023-05-08,,73.13,-0.0532,-0.0219,0.0302,
2023-05-09,77.76,73.68,-0.0438,-0.0404,0.0125,
2023-05-10,76.7,72.53,-0.0568,-0.0412,-0.0175,
2023-05-11,75.32,70.81,-0.0181,-0.0126,-0.0283,
2023-05-12,74.54,70.02,0.0224,0.0204,-0.0498,
2023-05-15,75.46,71.07,0.0337,0.0372,-0.0471,
2023-05-16,75.15,70.85,-0.0092,-0.0066,-0.1242,
2023-05-17,76.98,72.78,0.0149,-0.0048,-0.1018,
2023-05-18,75.75,71.82,-0.0258,-0.0252,-0.1181,
2023-05-19,75.42,71.57,-0.0167,-0.0132,-0.1287,
2023-05-22,75.77,71.81,0.006,0.0141,-0.1247,
2023-05-23,76.66,72.87,0.0284,0.0407,-0.1221,
2023-05-24,77.99,74.37,0.0335,0.0464,-0.1169,
2023-05-25,75.66,71.68,0.0068,0.0117,-0.1254,
2023-05-26,76.33,72.35,-0.0084,-0.0059,-0.1258,
2023-05-30,73.38,69.45,-0.0313,-0.033,-0.1431,
2023-05-31,71.98,68.11,-0.0456,-0.0483,-0.1579,
2023-06-01,74.18,70.09,-0.021,-0.024,-0.1308,
2023-06-02,76.0,71.76,-0.0086,-0.0152,-0.0875,
2023-06-05,76.61,72.14,-0.0177,-0.03,-0.081,
2023-06-06,76.22,71.71,0.0074,0.0004,-0.0951,75.69
2023-06-07,76.85,72.52,0.0068,0.0023,-0.0643,75.65
2023-06-08,75.88,71.28,0.0341,0.0263,-0.0418,75.61
2023-06-09,74.74,70.16,0.0383,0.0301,-0.067,75.58
2023-06-12,71.8,67.08,-0.0321,-0.0429,-0.1171,75.44
2023-06-13,74.24,69.39,-0.0232,-0.033,-0.0871,75.38
2023-06-14,73.39,68.22,-0.042,-0.0543,-0.0433,75.29
2023-06-15,75.75,70.61,-0.0062,-0.0153,0.039,75.23
2023-06-16,76.76,71.81,-0.0012,-0.0098,0.0515,75.28
2023-06-19,76.09,,0.0028,0.0074,0.0032,75.31
2023-06-20,75.79,70.94,0.014,0.0111,-0.0008,75.32
2023-06-21,76.92,72.55,0.0713,0.0815,-0.0108,75.33
2023-06-22,73.93,69.22,-0.0042,-0.0024,-0.0361,75.12
2023-06-23,73.56,68.91,0.0023,0.0101,-0.0234,75.02
2023-06-26,73.86,69.09,-0.025,-0.0215,-0.0091,74.9
2023-06-27,71.88,67.68,-0.0636,-0.0575,-0.0474,74.82
2023-06-28,73.64,69.54,-0.0322,-0.0316,-0.0201,74.9
2023-06-29,73.86,69.85,-0.0255,-0.0154,-0.0405,74.89
2023-06-30,74.51,70.66,-0.0313,-0.0261,-0.0164,74.81
2023-07-03,74.52,69.71,0.008,0.0071,-0.0119,74.71
2023-07-04,76.23,,0.0363,0.0116,0.0061,74.71
2023-07-05,76.74,71.78,0.039,0.0389,0.001,74.7
2023-07-06,76.72,71.76,0.0673,0.0603,-0.0163,74.75
2023-07-07,78.77,73.91,0.0697,0.0628,0.0411,74.95
2023-07-10,77.83,73.05,0.0538,0.0458,0.0197,75.25
2023-07-11,79.54,74.87,0.0675,0.0596,0.0839,75.51
2023-07-12,80.35,75.77,0.0782,0.0869,0.1163,75.86
2023-07-13,81.31,76.86,0.0666,0.1026,0.0961,76.14
2023-07-14,79.9,75.44,0.0412,0.051,0.0513,76.3
2023-07-17,77.8,74.17,0.0141,0.0336,0.0155,76.38
2023-07-18,79.54,75.76,0.0098,0.025,0.0436,76.57
2023-07-19,79.38,75.4,0.0199,0.0322,0.0329,76.69
2023-07-20,79.62,75.65,0.001,0.0104,0.0493,76.98
2023-07-21,81.06,77.06,0.0088,0.017,0.0846,77.35
2023-07-24,82.53,78.81,0.015,0.0254,0.1494,77.79
2023-07-25,83.46,79.76,0.0446,0.0573,0.1242,78.37
2023-07-26,82.98,79.11,0.0666,0.0666,0.1307,78.83
2023-07-27,84.28,80.17,0.0596,0.0582,0.1126,79.35
2023-07-28,84.49,80.55,0.0644,0.0683,0.1007,79.85
2023-07-31,85.22,81.8,0.0703,0.0813,0.12,80.39
2023-08-01,85.34,81.37,0.0528,0.0559,0.126,80.84
2023-08-02,84.01,79.5,0.0179,0.0088,0.0922,81.21
2023-08-03,86.19,81.56,0.0327,0.0226,0.1658,81.68
2023-08-04,87.38,82.76,0.053,0.0461,0.1879,82.11
2023-08-07,86.47,81.94,0.026,0.0221,0.1707,82.54
2023-08-08,88.0,82.94,0.0415,0.0297,0.2243,82.97
2023-08-09,89.31,84.35,0.048,0.0312,0.2128,83.41
2023-08-10,87.44,82.81,0.0246,0.0177,0.1839,83.72
2023-08-11,87.93,83.17,0.0467,0.0462,0.1801,84.12
2023-08-14,87.4,82.5,0.014,0.0115,0.1728,84.6
2023-08-15,86.28,81.06,-0.0126,-0.0205,0.1318,84.94
2023-08-16,84.49,79.4,-0.0229,-0.031,0.101,85.19
2023-08-17,85.24,80.43,-0.0314,-0.0303,0.1111,85.48
2023-08-18,85.92,81.25,-0.038,-0.0368,0.0908,85.72
2023-08-21,85.44,80.71,-0.0229,-0.0254,0.0978,85.86
2023-08-22,84.7,80.25,-0.0367,-0.0351,0.0649,85.93
2023-08-23,83.94,78.91,-0.0396,-0.0435,0.0447,85.97
2023-08-24,84.07,79.52,-0.0256,-0.019,0.0339,85.96
2023-08-25,85.42,80.47,0.011,0.0135,0.0691,86.01
2023-08-28,,80.65,0.0021,0.0027,0.0979,
2023-08-29,86.37,81.14,0.0052,-0.0014,0.0859,
2023-08-30,86.62,81.64,0.0138,0.0115,0.0912,
2023-08-31,87.29,83.55,0.0306,0.0411,0.0963,
2023-09-01,89.98,85.52,0.072,0.0838,0.11,
2023-09-04,90.42,,0.0755,0.0755,0.0956,
2023-09-05,91.25,86.74,0.0683,0.0779,0.0933,
2023-09-06,91.79,87.55,0.0746,0.0856,0.1062,
2023-09-07,91.16,86.87,0.0555,0.0706,0.0816,
2023-09-08,91.85,87.51,0.0604,0.0719,0.0871,
2023-09-11,91.97,87.3,0.0536,0.0449,0.0792,
2023-09-12,93.58,88.87,0.04,0.0392,0.0966,
2023-09-13,93.04,88.59,0.029,0.0359,0.1075,
2023-09-14,95.2,90.13,0.0433,0.0391,0.1045,
2023-09-15,95.55,90.83,0.041,0.0375,0.0935,
2023-09-18,95.95,91.47,0.0525,0.053,0.1096,
2023-09-19,96.11,91.16,0.0464,0.0417,0.0922,
2023-09-20,94.56,89.2,0.0282,0.0218,0.0588,
2023-09-21,93.7,89.56,0.0013,0.0078,0.0716,
2023-09-22,93.99,90.0,0.0102,0.0159,0.0689,
2023-09-25,94.01,89.68,-0.0125,-0.005,0.0756,92.22
2023-09-26,94.46,91.43,-0.0114,0.0066,0.0948,92.62
2023-09-27,97.1,93.67,0.012,0.0241,0.1492,93.15
2023-09-28,96.64,91.65,0.0055,0.0054,0.1337,93.62
2023-09-29,95.86,90.77,0.0137,0.0176,0.1157,93.91
2023-10-02,91.21,88.81,-0.0266,-0.0084,0.0675,93.95
2023-10-03,94.46,89.26,0.005,-0.0082,0.1152,94.11
2023-10-04,89.83,84.32,-0.0445,-0.0598,0.0702,94.01
2023-10-05,88.28,82.3,-0.0654,-0.0999,0.0501,93.87
2023-10-06,87.86,82.83,-0.0952,-0.1157,0.0286,93.67
2023-10-09,91.37,,-0.0545,-0.0962,0.0697,93.64
2023-10-10,90.7,85.89,-0.0538,-0.0538,0.0501,93.49
2023-10-11,87.58,83.7,-0.0398,-0.0575,0.0111,93.22
2023-10-12,88.4,82.87,-0.0642,-0.0716,0.0127,92.88
2023-10-13,94.33,87.67,0.0501,0.0397,0.0483,92.82
2023-10-16,90.99,86.65,0.0307,0.0529,0.0063,92.57
2023-10-17,92.52,86.66,0.053,0.0462,0.0139,92.39
2023-10-18,91.99,88.35,0.0068,0.0666,0.0022,92.26
2023-10-19,93.12,89.35,0.0267,0.0403,0.0215,92.24
2023-10-20,93.72,89.12,0.0701,0.0648,0.0204,92.22
2023-10-23,91.88,85.49,0.0394,0.0316,-0.001,92.12
2023-10-24,88.0,84.58,-0.0671,-0.0352,-0.0596,91.79
2023-10-25,90.14,86.07,-0.0093,-0.0067,-0.0312,91.44
2023-10-26,88.45,83.8,-0.044,-0.033,-0.0709,91.03
2023-10-27,90.73,86.04,-0.0137,-0.0261,-0.0504,90.78
2023-10-30,90.73,83.03,-0.0257,-0.0707,-0.0544,90.75
2023-10-31,86.82,81.64,-0.0736,-0.0839,-0.0967,90.37
2023-11-01,86.92,81.05,-0.054,-0.0519,-0.0808,90.23
2023-11-02,89.02,83.04,0.0116,-0.0182,-0.0499,90.26
2023-11-03,87.55,81.19,-0.0287,-0.0567,-0.0685,90.25
2023-11-06,87.31,81.54,-0.0129,-0.027,-0.0713,90.04
2023-11-07,83.43,77.96,-0.0805,-0.0939,-0.1168,89.68
2023-11-08,81.46,75.85,-0.1022,-0.0865,-0.1611,89.38
2023-11-09,81.74,76.34,-0.0585,-0.0649,-0.1542,89.04
2023-11-10,83.66,,-0.0375,-0.0581,-0.1273,88.51
2023-11-13,84.09,78.86,-0.0554,-0.0503,-0.0781,88.16
2023-11-14,84.2,78.9,-0.0383,-0.0282,-0.1086,87.75
2023-11-15,82.4,77.15,-0.0562,-0.0538,-0.0827,87.27
2023-11-16,77.73,73.5,-0.0683,-0.0572,-0.1195,86.5
2023-11-17,81.22,76.47,-0.0029,0.0082,-0.0756,85.87
2023-11-20,83.25,78.1,0.0185,0.0231,-0.0889,85.44
2023-11-21,82.42,78.35,-0.0148,0.0263,-0.0913,85.16
2023-11-22,81.76,76.8,-0.0277,-0.0261,-0.0665,84.74
2023-11-23,80.85,,-0.0398,-0.0266,-0.0854,84.36
2023-11-24,79.82,74.83,-0.0313,-0.0301,-0.1538,83.82
2023-11-27,79.49,74.46,0.0226,0.0131,-0.1264,83.26
2023-11-28,81.66,76.09,0.0054,-0.005,-0.1174,83.0
2023-11-29,82.98,77.56,-0.0032,-0.0069,-0.0979,82.8
2023-11-30,81.72,75.66,-0.0085,-0.0343,-0.1224,82.44
2023-12-01,78.72,73.7,-0.0372,-0.0404,-0.1601,82.0
2023-12-04,78.16,72.73,-0.0333,-0.053,-0.1493,81.54
2023-12-05,77.27,71.95,-0.0319,-0.0385,-0.1219,81.23
2023-12-06,74.33,68.98,-0.0649,-0.0736,-0.1754,80.87
2023-12-07,74.21,69.0,-0.0912,-0.0932,-0.161,80.5
2023-12-08,75.94,70.87,-0.0848,-0.0863,-0.163,80.11
2023-12-11,75.75,70.95,-0.0731,-0.0623,-0.1651,79.69
2023-12-12,74.11,68.27,-0.0586,-0.0737,-0.1464,79.19
2023-12-13,74.14,69.09,-0.0514,-0.05,-0.147,78.78
2023-12-14,77.05,71.21,-0.0028,-0.0103,-0.1345,78.74
2023-12-15,76.84,71.05,0.0338,0.03,-0.1223,78.52
2023-12-18,78.89,72.16,0.0631,0.0458,-0.0964,78.31
2023-12-19,79.82,73.23,0.0511,0.0333,-0.0433,78.18
2023-12-20,81.1,73.87,0.0706,0.0412,-0.0044,78.14
2023-12-21,80.73,73.59,0.0893,0.0779,-0.0124,78.14
2023-12-22,80.23,73.29,0.0821,0.0608,-0.041,78.16
2023-12-26,,75.84,0.0413,0.065,-0.0459,
2023-12-27,80.97,74.31,0.0537,0.0459,-0.0384,
2023-12-28,79.04,72.02,0.0019,-0.0019,-0.0408,
2023-12-29,77.69,71.89,-0.0267,-0.0183,-0.0005,
2024-01-02,76.24,70.62,-0.0599,-0.044,-0.0613,
2024-01-03,77.18,72.97,-0.044,-0.0084,-0.0729,
2024-01-04,75.79,72.38,-0.0553,-0.0124,-0.0804,
2024-01-05,78.31,74.0,-0.0239,-0.0243,-0.0422,
2024-01-08,75.47,71.06,-0.0679,-0.0437,-0.0665,
2024-01-09,77.97,72.43,-0.0135,0.0057,-0.0232,
2024-01-10,78.46,71.57,0.0099,-0.0045,-0.013,
2024-01-11,80.21,72.15,0.0521,0.0217,-0.0178,
2024-01-12,79.89,72.94,0.0351,-0.0004,-0.0372,
2024-01-15,79.76,,0.0524,0.0077,-0.024,
2024-01-16,80.15,72.63,0.0235,-0.0185,0.0182,
2024-01-17,78.88,72.79,0.0452,0.0243,0.0092,
2024-01-18,81.04,74.32,0.0394,0.0261,0.0488,
2024-01-19,80.71,73.69,0.0287,0.0296,0.0858,
2024-01-22,81.7,75.26,0.0186,0.0431,0.1009,
2024-01-23,82.04,74.72,0.0269,0.0244,0.0803,
2024-01-24,82.15,75.48,0.03,0.0348,0.0845,79.18
2024-01-25,82.33,77.91,0.0272,0.0727,0.1109,79.25
2024-01-26,83.34,78.45,0.0565,0.0778,0.1241,79.47
2024-01-29,83.99,77.25,0.0364,0.0394,0.0901,79.78
2024-01-30,84.14,78.3,0.0425,0.0626,0.095,80.18
2024-01-31,82.98,76.28,0.0157,0.0136,0.0518,80.47
2024-02-01,82.2,74.36,0.002,-0.0048,0.0298,80.79
2024-02-02,79.54,72.72,-0.0318,-0.0366,-0.0192,80.85
2024-02-05,79.3,73.21,-0.0368,-0.0603,-0.0177,81.04
2024-02-06,80.46,73.83,-0.0346,-0.0589,0.0029,81.16
2024-02-07,81.18,74.26,-0.0335,-0.0387,0.0118,81.3
2024-02-08,83.01,76.67,-0.0134,-0.0208,0.0252,81.44
2024-02-09,83.58,77.26,0.0072,0.0128,0.0574,81.62
2024-02-12,83.88,77.34,0.0204,0.0401,0.0797,81.83
2024-02-13,84.72,78.28,0.0651,0.0765,0.1112,82.06
2024-02-14,84.41,77.09,0.0644,0.053,0.0937,82.34
2024-02-15,84.33,78.47,0.0481,0.0628,0.1127,82.5
2024-02-16,84.88,79.65,0.0456,0.0726,0.0839,82.71
2024-02-19,85.52,,0.0302,0.0389,0.1332,82.9
2024-02-20,84.78,78.72,0.0144,0.0189,0.0873,83.04
2024-02-21,84.77,78.89,0.0106,0.02,0.0804,83.17
2024-02-22,85.84,79.64,0.0132,0.0174,0.0702,83.34
2024-02-23,84.18,77.6,-0.0027,0.0066,0.0537,83.38
2024-02-26,84.01,78.53,-0.0038,0.0008,0.0533,83.39
2024-02-27,83.8,79.8,-0.0127,0.0019,0.0455,83.37
2024-02-28,84.08,79.44,-0.0168,-0.0026,0.0659,83.42
2024-02-29,84.57,79.22,-0.0025,0.0064,0.0436,83.54
2024-03-01,84.82,80.9,0.0006,0.0255,0.0509,83.81
2024-03-04,86.58,79.67,0.0086,0.0004,0.0597,84.17
2024-03-05,85.82,79.11,0.0195,0.0195,0.0461,84.44
2024-03-06,86.59,80.08,0.0307,0.0197,0.054,84.71
2024-03-07,84.88,79.81,0.0129,0.0001,0.031,84.8
2024-03-08,84.29,78.96,0.0025,-0.006,0.0114,84.84
2024-03-11,83.44,78.87,-0.0134,-0.0044,-0.0065,84.82
2024-03-12,83.66,78.51,-0.0137,-0.0295,-0.0057,84.76
2024-03-13,83.95,80.67,-0.0304,0.0126,0.0117,84.74
2024-03-14,86.16,82.16,0.004,0.0386,0.0482,84.83
2024-03-15,85.39,81.94,-0.0139,0.0232,0.0735,84.86
2024-03-18,86.47,83.68,0.0187,0.0485,0.0904,84.9
2024-03-19,87.36,84.39,0.0364,0.0688,0.0858,85.03
2024-03-20,85.77,82.79,0.0279,0.0497,0.0565,85.08
2024-03-21,84.92,81.99,0.0151,0.0443,0.023,85.04
2024-03-22,84.87,81.1,0.011,0.0053,0.0154,85.07
2024-03-25,86.18,82.41,0.0002,0.003,0.0274,85.18
2024-03-26,85.91,82.41,0.0061,0.0057,0.014,85.29
2024-03-27,84.94,82.15,-0.0177,-0.0183,0.0063,85.33
2024-03-28,86.17,83.96,-0.0136,-0.0051,0.0218,85.41
2024-04-01,,84.54,0.0047,0.0211,0.0152,
2024-04-02,87.63,85.95,0.0319,0.0483,0.0247,
2024-04-03,90.6,86.22,0.0675,0.0631,0.0686,
2024-04-04,90.32,87.37,0.048,0.0602,0.0655,
2024-04-05,92.81,87.69,0.0803,0.0641,0.0812,
2024-04-08,91.73,87.24,0.0799,0.062,0.0897,
2024-04-09,92.13,86.04,0.0692,0.0248,0.0967,
2024-04-10,91.57,86.98,0.0627,0.0289,0.0927,
2024-04-11,91.49,85.79,0.044,-0.0019,0.0881,
2024-04-12,93.12,86.46,0.0278,0.0028,0.1011,
2024-04-15,90.84,86.21,0.0058,-0.0133,0.071,
2024-04-16,91.29,86.15,-0.0164,-0.0176,0.0544,
2024-04-17,89.54,83.58,-0.0239,-0.042,0.0433,
2024-04-18,88.34,83.5,-0.0411,-0.0295,0.0202,
2024-04-19,87.96,83.79,-0.0394,-0.0367,0.0363,
2024-04-22,87.3,83.82,-0.0458,-0.023,0.0357,
2024-04-23,88.29,84.17,-0.0519,-0.0265,0.0581,
2024-04-24,89.02,84.09,-0.02,-0.0246,0.0641,
2024-04-25,88.1,84.92,-0.0349,-0.0143,0.0494,
2024-04-26,89.95,85.38,0.0046,0.0215,0.044,
2024-04-29,88.44,84.26,0.0011,0.0091,0.0357,90.02
2024-04-30,88.23,83.49,0.0031,-0.0036,0.0204,90.05
2024-05-01,83.55,80.7,-0.043,-0.0372,-0.0436,89.7
2024-05-02,84.81,80.59,-0.0394,-0.0425,-0.0112,89.43
2024-05-03,83.6,79.65,-0.0609,-0.0528,-0.0155,88.96
2024-05-06,,80.1,-0.0511,-0.0568,-0.015,
2024-05-07,82.69,79.97,-0.0807,-0.0634,-0.0405,
2024-05-08,82.44,80.57,-0.0678,-0.0438,-0.0404,
2024-05-09,83.27,80.86,-0.0562,-0.0315,-0.0197,
2024-05-10,83.39,79.81,-0.0019,-0.011,-0.0323,
2024-05-13,83.18,80.71,-0.0192,0.0015,-0.0347,
2024-05-14,81.0,79.62,-0.0311,-0.0004,-0.0757,
2024-05-15,79.98,80.23,-0.0433,0.0016,-0.1172,
2024-05-16,81.65,80.85,-0.0126,0.011,-0.096,
2024-05-17,82.24,81.66,-0.0024,0.0135,-0.1139,
2024-05-20,81.91,81.39,-0.0163,0.0066,-0.1071,
2024-05-21,81.22,80.66,-0.026,0.0107,-0.1184,
2024-05-22,79.9,79.15,-0.0394,-0.0193,-0.1274,
2024-05-23,79.25,77.47,-0.0216,-0.027,-0.1338,
2024-05-24,78.92,78.48,-0.0133,-0.0218,-0.1525,
2024-05-28,81.34,80.9,-0.0038,0.0006,-0.1046,
2024-05-29,81.5,80.24,-0.009,-0.0174,-0.1072,
2024-05-30,81.42,78.96,-0.006,-0.0299,-0.0907,
2024-05-31,79.41,77.97,-0.0223,-0.0333,-0.1011,
2024-06-03,76.45,75.26,-0.0432,-0.0491,-0.1309,
2024-06-04,75.33,74.27,-0.0495,-0.0413,-0.1371,80.82
2024-06-05,75.41,75.08,-0.0445,-0.0433,-0.1459,80.46
2024-06-06,77.62,76.52,-0.0457,-0.0541,-0.1281,80.22
2024-06-07,78.12,76.53,-0.0415,-0.0462,-0.1133,79.96
2024-06-10,79.59,78.75,-0.0225,-0.0027,-0.1152,79.77
2024-06-11,80.15,78.88,0.0093,0.0117,-0.0937,79.62
2024-06-12,80.52,79.56,0.0532,0.0571,-0.0874,79.6
2024-06-13,81.44,79.61,0.0811,0.0719,-0.0253,79.67
2024-06-14,81.49,79.41,0.0806,0.0577,-0.0391,79.66
2024-06-17,82.45,81.33,0.0622,0.0629,-0.0138,79.67
2024-06-18,84.79,82.67,0.0854,0.0802,0.0142,79.82
2024-06-19,85.64,,0.076,0.0498,0.0357,80.04
2024-06-20,85.92,83.34,0.072,0.0565,0.0422,80.34
2024-06-21,86.42,81.71,0.0733,0.027,0.0378,80.7
2024-06-24,86.75,82.63,0.0652,0.0379,0.0403,81.09
2024-06-25,86.81,81.97,0.0653,0.0322,0.0436,81.36
2024-06-26,85.76,82.19,0.0401,0.0106,0.0588,81.57
2024-06-27,87.0,83.04,0.0261,0.0045,0.0878,81.85
2024-06-28,87.26,82.83,0.0189,0.0019,0.0687,82.25
2024-07-01,86.57,84.7,0.0076,0.0163,0.0527,82.75
2024-07-02,88.28,84.09,0.0215,0.0291,0.0778,83.4
2024-07-03,88.25,85.19,0.0173,0.031,0.0866,84.04
2024-07-04,88.34,,0.0176,0.0393,0.1056,84.58
2024-07-05,88.66,84.44,0.0338,0.0274,0.1187,85.1
2024-07-08,87.15,83.63,0.0017,0.0071,0.1043,85.48
2024-07-09,86.48,82.78,-0.0089,-0.0006,0.0632,85.8
2024-07-10,86.55,83.39,-0.0002,-0.0155,0.062,86.1
2024-07-11,86.49,83.92,-0.0203,-0.002,0.0623,86.35
2024-07-12,87.35,83.49,-0.0102,-0.02,0.1,86.65
2024-07-15,86.42,83.22,-0.0217,-0.0231,0.1304,86.84
2024-07-16,86.6,81.92,-0.0232,-0.0298,0.1496,86.94
2024-07-17,85.76,84.16,-0.0159,0.0063,0.1372,86.94
2024-07-18,86.26,84.17,-0.0025,0.0168,0.1113,86.96
2024-07-19,85.19,81.43,-0.0157,-0.0235,0.0905,86.9
2024-07-22,83.44,81.25,-0.0353,-0.0318,0.0484,86.73
2024-07-23,82.2,78.24,-0.059,-0.0629,0.0256,86.5
2024-07-24,83.01,78.78,-0.0395,-0.0534,0.0309,86.36
2024-07-25,82.58,79.43,-0.0464,-0.0304,0.014,86.14
2024-07-26,81.35,78.58,-0.0514,-0.0663,-0.0017,85.85
2024-07-29,80.94,77.27,-0.0617,-0.082,-0.0183,85.56
2024-07-30,79.26,76.17,-0.0696,-0.0646,-0.0652,85.11
2024-07-31,81.39,79.36,-0.0246,-0.0233,-0.0496,84.77
2024-08-01,81.37,77.74,-0.0101,-0.0064,-0.053,84.42
2024-08-02,78.35,74.99,-0.0561,-0.0481,-0.0934,83.91
2024-08-05,77.51,74.46,-0.0614,-0.0626,-0.1065,83.42
2024-08-06,76.62,74.6,-0.0581,-0.0506,-0.1174,82.93
2024-08-07,78.26,76.68,-0.0331,-0.0076,-0.0875,82.52
2024-08-08,80.76,77.64,0.0189,0.0193,-0.0717,82.23
2024-08-09,81.07,78.28,-0.0039,-0.0136,-0.0709,81.92
2024-08-12,83.06,81.45,0.0208,0.0477,-0.0405,81.75
2024-08-13,82.51,79.81,0.0531,0.0643,-0.0654,81.54
2024-08-14,82.15,78.47,0.0599,0.0539,-0.0691,81.36
2024-08-15,83.09,79.66,0.0844,0.0678,-0.0594,81.21
2024-08-16,81.56,78.05,0.0422,0.0179,-0.0801,81.02
2024-08-19,81.09,75.82,0.0041,-0.0234,-0.0695,80.91
2024-08-20,78.85,75.27,-0.0274,-0.0385,-0.0882,80.74
2024-08-21,78.77,72.76,-0.0516,-0.1067,-0.0899,80.53
2024-08-22,78.8,73.72,-0.045,-0.0763,-0.0889,80.34
2024-08-23,80.34,75.82,-0.022,-0.0338,-0.0803,80.29
2024-08-26,,78.4,-0.0331,-0.0158,-0.0704,
2024-08-27,81.51,76.5,-0.0006,-0.0199,-0.0588,
2024-08-28,80.04,75.49,-0.0129,-0.0044,-0.0667,
2024-08-29,81.55,76.9,0.0342,0.0217,-0.0546,
2024-08-30,80.2,74.52,0.0182,0.0242,-0.0586,
2024-09-02,77.82,,-0.0124,0.0109,-0.0674,
2024-09-03,76.46,71.28,-0.0483,-0.0599,-0.0698,
2024-09-04,74.67,70.11,-0.0706,-0.1057,-0.1005,
2024-09-05,74.47,70.09,-0.0864,-0.0838,-0.0982,
2024-09-06,72.82,68.58,-0.0902,-0.0915,-0.1049,
2024-09-09,72.37,69.65,-0.1126,-0.0943,-0.1059,
2024-09-10,70.34,66.73,-0.1229,-0.1045,-0.1125,
2024-09-11,70.31,68.25,-0.0965,-0.0841,-0.1361,
2024-09-12,73.81,69.89,-0.0347,-0.0195,-0.0929,
2024-09-13,73.68,69.59,-0.0133,-0.0074,-0.0596,
2024-09-16,73.96,71.1,-0.0068,0.0144,-0.0458,
2024-09-17,74.55,72.16,0.0238,0.0522,-0.027,
2024-09-18,74.52,71.87,0.0297,0.0319,-0.0478,
2024-09-19,75.93,72.86,0.0795,0.0919,-0.0598,
2024-09-20,75.96,72.72,0.0804,0.0655,-0.063,
2024-09-23,74.95,71.33,0.0154,0.0206,-0.0976,75.5
2024-09-24,75.29,72.34,0.0219,0.0395,-0.0875,75.18
2024-09-25,75.4,70.42,0.0195,-0.0096,-0.0822,74.95
2024-09-26,73.06,68.28,-0.02,-0.0538,-0.1207,74.53
2024-09-27,71.63,68.72,-0.0388,-0.0438,-0.1218,74.1
2024-09-30,72.35,68.75,-0.0471,-0.0564,-0.1078,73.83
2024-10-01,75.3,70.41,-0.0087,-0.0318,-0.045,73.77
2024-10-02,74.86,70.74,-0.0012,-0.0083,-0.0496,73.78
2024-10-03,77.57,74.33,0.0303,0.0275,-0.0156,73.93
2024-10-04,79.32,74.93,0.052,0.064,-0.0127,74.26
2024-10-07,81.74,77.76,0.1188,0.1388,0.0174,74.73
2024-10-08,78.19,74.26,0.0916,0.0806,-0.0407,75.12
2024-10-09,77.06,73.85,0.0651,0.0742,-0.0372,75.46
2024-10-10,79.45,76.46,0.0551,0.0859,-0.0258,75.74
2024-10-11,80.27,76.11,0.0723,0.0759,0.0009,76.07
2024-10-14,78.47,,0.0116,0.0239,0.0084,76.29
2024-10-15,73.68,71.22,-0.0711,-0.0495,-0.0364,76.25
2024-10-16,73.65,70.97,-0.099,-0.0873,-0.0137,76.21
2024-10-17,74.37,71.26,-0.0489,-0.0404,-0.0013,76.13
2024-10-18,72.75,69.78,-0.0559,-0.0551,-0.001,75.97
2024-10-21,73.29,71.16,-0.0775,-0.0693,0.0127,75.89
2024-10-22,75.59,72.84,-0.0583,-0.043,0.0746,75.9
2024-10-23,74.68,71.37,-0.0483,-0.0623,0.0622,75.86
2024-10-24,74.27,70.58,0.008,-0.009,0.0062,75.92
2024-10-25,75.62,72.02,0.0267,0.0148,0.0263,76.12
2024-10-28,71.87,67.65,-0.0336,-0.0507,-0.0283,76.1
2024-10-29,71.09,67.48,-0.0228,-0.033,-0.0464,75.89
2024-10-30,73.21,68.91,-0.0011,-0.0316,-0.0176,75.81
2024-10-31,73.25,69.58,-0.031,-0.0448,-0.0353,75.59
2024-11-01,73.63,69.81,-0.0141,-0.0219,-0.0307,75.31
2024-11-04,74.89,71.83,0.0083,0.0177,-0.0008,74.96
2024-11-05,76.98,72.26,0.018,0.0033,0.0224,74.9
2024-11-06,76.52,71.98,0.0647,0.064,0.0149,74.88
2024-11-07,75.73,72.69,0.0653,0.0772,0.0365,74.69
2024-11-08,74.04,70.69,0.0113,0.0258,0.0336,74.38
2024-11-11,72.19,,-0.0145,0.016,-0.0022,74.06
2024-11-12,72.56,68.43,-0.0145,-0.0198,-0.0364,74.01
2024-11-13,72.86,68.76,-0.0271,-0.0427,-0.0267,73.97
2024-11-14,73.39,68.99,-0.0466,-0.0453,-0.0539,73.92
2024-11-15,73.45,67.33,-0.0401,-0.0646,-0.074,73.96
2024-11-18,74.35,69.46,-0.0182,-0.0444,-0.0904,74.01
2024-11-19,74.32,69.75,0.0038,-0.0133,-0.0495,73.95
2024-11-20,74.33,69.25,0.0296,-0.0204,-0.0354,73.93
2024-11-21,75.09,70.39,0.0349,0.0286,-0.0549,73.97
2024-11-22,76.1,71.68,0.0445,0.0425,-0.0519,73.99
2024-11-25,74.27,69.41,0.012,0.0061,-0.0535,74.11
2024-11-26,74.56,69.05,0.0151,0.0255,0.0119,74.29
2024-11-27,73.91,69.03,-0.0059,-0.0062,0.0035,74.32
2024-11-28,73.92,,-0.0054,-0.0103,-0.0061,74.35
2024-11-29,74.16,68.26,-0.0023,-0.0143,0.0194,74.38
2024-12-02,72.81,68.35,-0.0304,-0.029,-0.0065,74.28
2024-12-03,74.8,70.15,-0.0171,-0.0213,-0.0105,74.17
2024-12-04,74.68,68.81,0.0055,-0.0086,0.0,74.08
2024-12-05,73.78,68.58,-0.0105,-0.0068,-0.0066,73.98
2024-12-06,73.78,68.58,-0.0018,-0.0065,-0.0243,73.97
2024-12-09,73.73,68.65,-0.0026,-0.0055,0.0259,74.04
2024-12-10,73.64,68.85,-0.007,0.0086,0.0359,74.1
2024-12-11,74.38,70.57,0.0216,0.0325,0.016,74.17
2024-12-12,73.52,70.25,-0.0171,0.0014,0.0037,74.18
2024-12-13,74.89,71.54,0.0028,0.0397,0.0171,74.25
2024-12-16,74.3,71.03,0.007,0.0357,-0.0079,74.25
2024-12-17,73.16,70.31,-0.0084,0.0252,-0.0496,74.19
2024-12-18,74.57,70.8,0.0114,0.0313,-0.0255,74.2
2024-12-19,73.75,70.1,0.0015,0.0182,-0.0261,74.14
2024-12-20,73.19,69.71,-0.016,-0.0122,-0.0115,73.99
2024-12-23,72.12,69.5,-0.019,-0.0107,-0.001,73.88
2024-12-24,73.5,70.87,-0.0186,-0.0094,0.013,73.83
2024-12-26,,70.38,-0.0108,-0.0092,0.0088,
2024-12-27,73.77,71.28,0.0083,0.0138,0.0052,
2024-12-30,74.24,71.73,-0.0044,0.0131,0.0108,
2024-12-31,74.58,72.44,0.0113,0.0334,0.0031,
2025-01-02,76.14,73.79,0.0403,0.0585,0.0245,
2025-01-03,76.72,74.64,0.0638,0.074,0.0322,
2025-01-06,77.27,74.31,0.0513,0.0485,0.029,
2025-01-07,77.84,74.99,0.059,0.0655,0.0229,
2025-01-08,77.37,73.99,0.0488,0.038,0.0417,
2025-01-09,78.44,,0.0566,0.0315,0.052,
2025-01-10,79.76,77.27,0.0695,0.0667,0.0792,
2025-01-13,82.69,79.57,0.086,0.0783,0.1186,
2025-01-14,82.39,78.2,0.0739,0.0477,0.111,
2025-01-15,83.48,80.73,0.0804,0.0864,0.1465,
2025-01-16,82.39,79.35,0.0585,0.0581,0.1015,
2025-01-17,83.02,78.56,0.073,0.0618,0.1117,
2025-01-20,81.68,,0.0413,0.0618,0.1071,
2025-01-21,80.57,76.79,0.0102,-0.0062,0.092,
2025-01-22,80.0,76.12,-0.0325,-0.0434,0.085,
2025-01-23,78.62,75.03,-0.0458,-0.0405,0.0676,
2025-01-24,78.71,74.97,-0.0571,-0.0713,0.0582,78.98
2025-01-27,77.3,73.51,-0.0618,-0.0736,0.0514,79.16
2025-01-28,78.01,74.15,-0.0603,-0.0561,0.0417,79.35
2025-01-29,77.02,72.94,-0.0571,-0.0715,0.0366,79.47
2025-01-30,77.42,73.1,-0.0391,-0.0481,0.0582,79.54
2025-01-31,77.11,72.84,-0.0361,-0.0431,0.0341,79.55
2025-02-03,76.49,73.52,-0.0271,-0.0201,0.0372,79.52
2025-02-04,76.58,73.04,-0.0271,-0.0257,0.0463,79.45
2025-02-05,74.71,71.39,-0.0335,-0.0288,0.0359,79.32
2025-02-06,74.54,70.97,-0.0445,-0.0429,0.0141,79.12
2025-02-07,74.68,71.32,-0.0304,-0.0222,0.0161,78.87
2025-02-10,76.23,72.73,-0.0154,-0.0051,0.0333,78.55
2025-02-11,77.65,73.67,0.007,0.0114,0.0459,78.31
2025-02-12,75.38,71.72,-0.0145,-0.0245,0.0107,77.91
2025-02-13,75.61,71.66,-0.0127,-0.0189,-0.007,77.57
2025-02-14,75.19,71.05,0.0064,-0.0048,-0.0199,77.18
2025-02-17,75.81,,0.017,0.0011,-0.0189,76.88
2025-02-18,76.46,72.21,0.0238,0.0125,-0.0177,76.68
2025-02-19,76.34,72.58,0.0014,-0.0021,-0.0133,76.49
2025-02-20,76.95,72.88,-0.009,-0.0107,-0.019,76.41
2025-02-21,74.88,70.72,-0.0066,-0.0139,-0.0612,76.22
2025-02-24,74.89,71.06,-0.0095,-0.0084,-0.0943,76.1
2025-02-25,73.11,69.15,-0.0277,-0.0267,-0.1126,75.85
2025-02-26,73.49,68.87,-0.0306,-0.0307,-0.1197,75.68
2025-02-27,75.01,70.62,-0.019,-0.022,-0.0896,75.56
2025-02-28,74.76,69.97,-0.0207,-0.036,-0.0995,75.44
2025-03-03,72.85,68.63,-0.0533,-0.0583,-0.1081,75.26
2025-03-04,72.31,68.47,-0.0343,-0.0318,-0.1025,75.04
2025-03-05,70.92,66.58,-0.053,-0.063,-0.1135,74.85
2025-03-06,71.08,66.62,-0.0278,-0.0366,-0.0959,74.68
2025-03-07,72.49,67.29,-0.0136,-0.0229,-0.079,74.57
2025-03-10,71.08,66.31,-0.0524,-0.061,-0.0805,74.31
2025-03-11,71.51,66.52,-0.0435,-0.0493,-0.0833,74.01
2025-03-12,72.36,67.65,-0.0067,-0.0143,-0.0605,73.85
2025-03-13,70.82,66.82,-0.0206,-0.0241,-0.0852,73.62
2025-03-14,71.94,67.43,0.0144,0.0128,-0.067,73.45
2025-03-17,71.93,67.84,0.012,0.0183,-0.0596,73.26
2025-03-18,71.93,67.49,-0.0077,0.003,-0.0607,73.03
2025-03-19,71.94,67.4,0.0121,0.0164,-0.0371,72.81
2025-03-20,72.61,68.55,0.0154,0.0305,-0.0259,72.6
2025-03-21,72.64,68.52,0.0039,0.0129,-0.0273,72.48
2025-03-24,73.96,69.46,0.0443,0.0395,-0.0298,72.44
2025-03-25,73.78,69.48,0.0256,0.0304,-0.0498,72.47
2025-03-26,74.6,70.05,0.0371,0.0326,-0.0103,72.53
2025-03-27,74.72,70.3,0.0388,0.0416,-0.0118,72.51
2025-03-28,74.69,69.74,0.0382,0.0347,-0.0066,72.51
2025-03-31,77.23,71.87,0.0636,0.0484,0.0187,72.73
2025-04-01,77.78,71.61,0.0708,0.0451,0.0173,73.0
2025-04-02,77.27,72.12,0.0448,0.0383,0.0122,73.32
2025-04-03,72.54,67.43,-0.0168,-0.0295,-0.0573,73.39
2025-04-04,68.36,62.42,-0.0836,-0.1089,-0.0871,73.18
2025-04-07,66.13,61.05,-0.115,-0.1316,-0.117,72.94
2025-04-08,64.86,60.04,-0.1316,-0.1391,-0.1128,72.6
2025-04-09,67.3,62.63,-0.1286,-0.1286,-0.0842,72.35
2025-04-10,65.37,60.57,-0.1596,-0.1542,-0.1285,72.08
2025-04-11,66.83,61.91,-0.1351,-0.1416,-0.1061,71.82
2025-04-14,67.18,61.99,-0.0739,-0.0807,-0.0778,71.59
2025-04-15,66.58,61.74,-0.026,-0.0109,-0.0792,71.32
2025-04-16,67.94,62.88,0.0274,0.03,-0.042,71.12
2025-04-17,69.33,65.07,0.0689,0.0838,-0.0246,70.95
2025-04-21,,63.48,0.0302,0.0136,-0.0436,
2025-04-22,68.93,64.6,0.0545,0.0665,-0.0302,
2025-04-23,68.26,62.64,0.0214,0.0118,-0.0454,
2025-04-24,67.5,63.55,0.0048,0.0252,-0.0672,
2025-04-25,66.99,63.85,0.0062,0.0342,-0.0541,
2025-04-28,66.13,63.3,-0.0266,0.0067,-0.0808,
2025-04-29,64.04,61.84,-0.0763,-0.0496,-0.1097,
2025-04-30,63.37,59.55,-0.086,-0.0619,-0.119,
2025-05-01,62.37,60.59,-0.0952,-0.0621,-0.133,
2025-05-02,61.57,59.67,-0.098,-0.0474,-0.152,
2025-05-05,,58.5,-0.0879,-0.0795,-0.1524,
2025-05-06,62.37,60.42,-0.069,-0.0537,-0.1567,
2025-05-07,60.31,59.42,-0.088,-0.0613,-0.1826,
2025-05-08,62.22,61.25,-0.0284,-0.0095,-0.166,
2025-05-09,64.26,62.37,0.014,0.0474,-0.14,
2025-05-12,65.28,63.32,0.0467,0.0451,-0.126,
2025-05-13,66.93,65.04,0.0871,0.09,-0.1334,
2025-05-14,65.91,64.48,0.0705,0.1022,-0.1526,
2025-05-15,64.36,63.03,0.0319,0.0432,-0.1671,
2025-05-16,65.2,63.84,0.0811,0.0744,-0.1012,
2025-05-19,66.25,63.98,0.0648,0.0446,-0.0309,
2025-05-20,66.93,63.97,0.0415,0.0257,0.0121,
2025-05-21,65.86,62.93,0.0089,-0.0062,0.0154,
2025-05-22,64.87,62.55,-0.0308,-0.0383,-0.0361,
2025-05-23,65.41,62.89,-0.0076,-0.0247,0.0006,
2025-05-27,64.32,61.61,-0.0006,-0.0225,-0.0376,
2025-05-28,65.72,62.54,0.008,-0.0204,-0.0217,
2025-05-29,64.6,61.66,-0.0249,-0.0363,-0.0297,
2025-05-30,64.32,61.46,-0.039,-0.0392,-0.0533,
2025-06-02,66.55,63.27,0.0105,0.0054,-0.0401,
2025-06-03,67.48,64.1,0.0402,0.0248,-0.0267,64.96
2025-06-04,66.69,63.57,0.0196,0.0108,-0.0325,65.17
2025-06-05,67.14,64.06,0.0438,0.0398,-0.0164,65.52
2025-06-06,68.02,65.3,0.035,0.0441,0.0077,65.81
2025-06-09,68.73,65.99,0.0639,0.0702,0.026,66.03
2025-06-10,68.41,65.66,0.0636,0.0683,0.0345,66.18
2025-06-11,71.29,68.91,0.0712,0.0891,0.1132,66.4
2025-06-12,70.84,68.73,0.0498,0.0722,0.1179,66.65
2025-06-13,76.0,73.84,0.1396,0.1616,0.2185,67.23
2025-06-16,75.05,72.53,0.1178,0.1322,0.2189,67.72
2025-06-17,78.7,75.62,0.157,0.158,0.2782,68.35
2025-06-18,78.38,75.89,0.1404,0.15,0.2567,68.92
2025-06-19,80.37,,0.1748,0.1558,0.3326,69.64
2025-06-20,78.73,75.72,0.1044,0.0988,0.2653,70.34
2025-06-23,74.34,69.36,0.0494,0.0092,0.1569,70.78
2025-06-24,69.13,65.45,-0.0904,-0.1136,0.059,71.02
2025-06-25,68.4,65.98,-0.0886,-0.0903,0.022,71.16
2025-06-26,68.57,66.44,-0.1287,-0.1214,0.0404,71.36
2025-06-27,69.37,66.66,-0.115,-0.1216,0.0778,71.61
2025-06-30,68.15,66.3,-0.152,-0.1264,0.0452,71.69
2025-07-01,67.63,66.64,-0.141,-0.1199,0.0208,71.7
2025-07-02,70.8,68.66,-0.0476,-0.0101,0.0578,71.9
2025-07-03,70.42,68.13,0.0187,0.0409,0.0692,72.07
2025-07-04,71.03,,0.0385,0.0326,0.095,72.22
2025-07-07,71.95,69.16,0.0493,0.0409,0.1,72.38
2025-07-08,72.5,69.55,0.0451,0.0434,0.1272,72.58
2025-07-09,71.98,69.61,0.0562,0.0499,0.0953,72.62
2025-07-10,70.38,67.78,0.0407,0.0171,0.0895,72.59
2025-07-11,72.06,69.63,0.0178,0.0141,0.1203,72.4
2025-07-14,70.96,68.19,0.0077,0.0009,0.0663,72.19
2025-07-15,70.27,67.76,-0.0107,-0.0054,0.0413,71.77
2025-07-16,69.67,67.13,-0.0317,-0.0294,0.0447,71.34
2025-07-17,71.32,68.76,-0.0163,-0.0114,0.0623,70.88
2025-07-18,71.06,68.53,-0.0128,-0.0155,0.0447,70.5
2025-07-21,71.92,68.39,0.0219,0.009,0.0464,70.38
2025-07-22,69.69,67.56,-0.0329,-0.0297,0.0187,70.41
2025-07-23,69.17,66.05,-0.0252,-0.0314,-0.0297,70.45
2025-07-24,70.42,67.16,0.0021,-0.0089,-0.0059,70.54
2025-07-25,69.23,66.38,-0.0063,-0.0112,-0.0891,70.53
2025-07-28,70.87,67.81,-0.0063,-0.0138,-0.0557,70.67
2025-07-29,73.21,70.27,0.0303,0.0254,-0.0698,70.95
2025-07-30,73.98,71.09,0.0286,0.0395,-0.0561,71.1
2025-07-31,73.43,70.36,0.0537,0.0414,-0.0864,71.26
2025-08-01,70.55,68.39,0.02,0.0354,-0.1039,71.23
2025-08-04,69.56,67.33,-0.0122,0.0025,-0.0643,71.11
2025-08-05,69.14,66.2,-0.0013,-0.0027,0.0001,70.94
2025-08-06,67.97,65.38,-0.0409,-0.0358,-0.0063,70.74
2025-08-07,66.99,64.9,-0.085,-0.0764,-0.023,70.57
2025-08-08,67.17,64.94,-0.0921,-0.0865,-0.0317,70.33
2025-08-11,67.36,65.03,-0.0827,-0.0758,-0.0116,70.15
2025-08-12,66.8,64.22,-0.0532,-0.061,-0.0123,69.98
2025-08-13,66.25,63.68,-0.0476,-0.0542,-0.0643,69.8
2025-08-14,68.12,64.99,-0.0148,-0.0183,-0.0327,69.64
2025-08-15,67.3,63.78,-0.0099,-0.0245,-0.0525,69.46
2025-08-18,68.18,64.51,0.0178,-0.006,-0.0524,69.27
2025-08-19,66.62,63.38,-0.0082,-0.024,-0.0811,69.12
2025-08-20,67.61,64.19,0.0037,-0.0129,-0.0607,69.04
2025-08-21,68.41,64.56,0.0241,0.0053,-0.028,68.94
2025-08-22,68.29,64.08,0.0308,0.0063,-0.0523,68.89
2025-08-25,,65.18,0.0025,0.0029,-0.0376,
2025-08-26,66.89,63.6,-0.0061,-0.0028,-0.0481,
2025-08-27,67.75,64.49,-0.0063,-0.0003,-0.0276,
2025-08-28,68.61,64.96,0.0299,0.0249,-0.038,
2025-08-29,67.83,64.36,0.0033,0.0026,-0.0455,
2025-09-01,67.09,,-0.0193,-0.0031,-0.0672,
2025-09-02,68.09,65.95,-0.0029,0.0292,-0.023,
2025-09-03,67.76,64.36,-0.0078,-0.0126,-0.0204,
2025-09-04,66.41,63.81,-0.0072,0.0033,-0.0569,
2025-09-05,64.92,62.22,-0.0418,-0.0352,-0.0623,
2025-09-08,65.44,62.6,-0.0462,-0.0363,-0.0766,
2025-09-09,67.97,62.97,0.0021,-0.0216,-0.0716,
2025-09-10,67.62,64.01,0.0079,-0.0054,-0.086,
2025-09-11,67.25,62.71,-0.0123,-0.0491,-0.0842,
2025-09-12,67.87,63.02,0.0016,-0.0208,-0.038,
2025-09-15,67.88,63.66,0.0221,-0.0024,-0.0242,
2025-09-16,69.69,64.89,0.0735,0.0429,0.008,
2025-09-17,69.19,64.41,0.0573,0.0289,0.0179,
2025-09-18,67.83,63.91,-0.0021,0.0149,0.0125,
2025-09-19,67.05,63.02,-0.0084,-0.0155,-0.0018,
2025-09-22,66.87,62.99,-0.0057,0.0045,-0.0073,67.5
2025-09-23,67.96,63.76,0.0013,0.0117,0.0174,67.55
2025-09-24,69.64,65.4,0.0259,0.0273,0.0512,67.65
2025-09-25,70.48,65.51,0.0113,0.0096,0.0346,67.74
2025-09-26,71.15,66.5,0.0283,0.0324,0.0572,67.91
2025-09-29,69.0,64.27,0.0172,0.0056,0.012,68.0
2025-09-30,68.52,63.17,0.0219,0.0024,0.0285,68.03
2025-10-01,66.67,62.59,-0.003,-0.0064,-0.0139,67.97
2025-10-02,65.44,61.28,-0.0371,-0.0389,-0.0434,67.92
2025-10-03,66.13,61.65,-0.0504,-0.0573,-0.0316,67.98
2025-10-06,67.09,62.49,-0.0481,-0.0461,-0.0176,68.06
2025-10-07,67.1,62.52,-0.0569,-0.0598,0.0031,68.02
2025-10-08,67.42,63.37,-0.0229,-0.014,-0.0049,68.01
2025-10-09,67.23,62.36,-0.0188,-0.0128,-0.0201,68.01
2025-10-10,64.41,59.75,-0.0339,-0.0454,-0.0504,67.84
2025-10-13,64.15,,-0.0197,-0.025,-0.0438,67.65
2025-10-14,63.0,59.52,-0.0473,-0.0345,-0.0748,67.32
2025-10-15,62.33,59.08,-0.0709,-0.0546,-0.0801,66.97
2025-10-16,61.08,58.29,-0.0897,-0.0677,-0.0803,66.64
2025-10-17,61.23,58.3,-0.0918,-0.08,-0.0568,66.34
2025-10-20,60.71,58.34,-0.097,-0.0645,-0.0723,66.04
2025-10-21,61.0,58.66,-0.0529,-0.0182,-0.1025,65.69
2025-10-22,62.28,59.3,-0.0292,-0.0075,-0.079,65.32
2025-10-23,66.32,62.44,0.0527,0.0491,-0.0138,65.11
2025-10-24,65.8,62.27,0.0557,0.054,-0.0305,64.85
2025-10-27,65.52,62.13,0.0727,0.0659,-0.0348,64.67
2025-10-28,64.03,60.97,0.0457,0.0458,-0.0812,64.45
2025-10-29,65.01,61.26,0.0708,0.0501,-0.0604,64.36
2025-10-30,65.11,61.36,0.0674,0.046,-0.0401,64.35
2025-10-31,65.44,61.75,0.0507,0.0413,-0.024,64.31
2025-11-03,65.79,61.79,-0.008,-0.0104,-0.0162,64.25
2025-11-04,65.04,61.38,-0.0116,-0.0143,-0.043,64.15
2025-11-05,63.54,60.4,-0.0302,-0.0278,-0.0876,63.95
2025-11-06,63.41,60.24,-0.0097,-0.012,-0.1003,63.76
2025-11-07,63.72,60.54,-0.0198,-0.0118,-0.1044,63.73
2025-11-10,63.01,60.94,-0.0323,-0.0068,-0.0868,63.67
2025-11-11,63.86,,-0.0241,-0.0131,-0.068,63.71
2025-11-12,61.88,59.3,-0.0594,-0.0403,-0.0718,63.69
2025-11-13,62.14,59.54,-0.0446,-0.03,-0.0504,63.74
2025-11-14,63.45,60.87,-0.0014,0.0078,-0.0405,63.85
2025-11-17,63.16,60.66,-0.0039,0.007,-0.0586,63.98
2025-11-18,64.86,61.51,0.0179,0.016,-0.0334,64.17
2025-11-19,63.78,60.27,0.0122,-0.011,-0.054,64.24
2025-11-20,63.64,60.07,-0.0034,-0.0143,-0.0534,64.11
2025-11-21,62.78,58.86,0.0145,-0.0074,-0.0253,63.96
2025-11-24,64.83,59.11,0.0433,-0.0072,0.0106,63.92
2025-11-25,63.99,58.25,0.0085,-0.043,0.0157,63.92
2025-11-26,64.81,58.81,0.0261,-0.0305,0.0398,63.91
2025-11-27,64.18,,-0.0105,-0.0439,0.0508,63.87
2025-11-28,64.07,58.58,0.0045,-0.028,0.0464,63.8
2025-12-01,64.22,59.47,0.0091,-0.01,0.0578,63.72
2025-12-02,63.37,58.81,0.0094,-0.0008,0.0389,63.64
2025-12-03,63.75,59.09,-0.0167,-0.0003,0.0236,63.65
2025-12-04,64.15,59.82,0.0025,0.027,-0.0327,63.68
2025-12-05,64.42,60.23,-0.006,0.0241,-0.021,63.72
2025-12-08,63.3,59.04,-0.0137,0.0039,-0.0339,63.73
2025-12-09,62.62,58.4,-0.0226,-0.0031,-0.022,63.67
2025-12-10,63.12,58.67,-0.0171,-0.0135,-0.0291,63.73
2025-12-11,61.87,57.76,-0.0237,-0.0179,-0.0498,63.72
2025-12-12,62.11,57.61,-0.0257,-0.025,-0.0509,63.65
2025-12-15,61.55,56.97,-0.0405,-0.0476,-0.0644,63.57
2025-12-16,59.93,55.44,-0.0697,-0.0795,-0.0786,63.32
2025-12-17,60.61,56.07,-0.0425,-0.0503,-0.0461,63.17
2025-12-18,60.69,56.22,-0.0308,-0.0373,-0.0429,63.02
2025-12-19,61.35,56.8,-0.028,-0.0319,-0.0372,62.95
2025-12-22,62.22,58.18,0.0057,0.0073,-0.0125,62.82
2025-12-23,63.7,58.55,0.0256,0.0163,-0.0025,62.8
2025-12-24,63.7,58.72,0.0349,0.0307,0.0294,62.75
2025-12-26,,56.6,0.0629,0.0209,0.0251,
2025-12-29,63.1,57.89,0.0411,0.0325,-0.0055,
2025-12-30,62.3,57.79,0.0265,0.0279,-0.0136,
2025-12-31,61.35,57.26,0.0,0.0081,-0.0541,
2026-01-02,61.98,57.21,-0.0039,-0.0167,-0.0282,
2026-01-05,63.0,58.1,-0.011,-0.0077,-0.0101,
2026-01-06,62.1,56.97,-0.0251,-0.0298,-0.0108,
2026-01-07,61.08,56.01,-0.0411,-0.0104,-0.0578,
2026-01-08,63.34,57.74,0.0038,-0.0026,-0.0102,
2026-01-09,65.11,58.96,0.0451,0.0202,0.0046,
2026-01-12,65.4,59.39,0.066,0.0372,0.019,
2026-01-13,67.58,60.85,0.0904,0.0636,0.0548,
2026-01-14,68.87,61.84,0.0932,0.0644,0.0724,
2026-01-15,66.16,59.13,0.0654,0.0379,0.044,
2026-01-16,66.97,59.4,0.0964,0.0605,0.0505,
2026-01-19,66.91,,0.0564,0.0287,0.043,
2026-01-20,67.68,60.3,0.0395,0.0227,0.0506,
2026-01-21,66.72,60.38,0.0202,0.0167,0.054,
2026-01-22,65.46,59.24,-0.0314,-0.0265,0.0454,
2026-01-23,68.16,60.7,-0.0103,-0.0184,0.0798,
2026-01-26,67.7,60.46,0.0233,0.0225,0.0942,65.05
2026-01-27,70.28,62.04,0.0494,0.0444,0.1315,65.41
2026-01-28,70.9,62.75,0.0596,0.0564,0.1519,65.84
2026-01-29,71.0,64.77,0.0491,0.0741,0.1847,66.32
2026-01-30,72.25,64.5,0.0829,0.0682,0.192,66.83
2026-02-02,67.72,61.6,0.0345,0.0398,0.1158,67.07
2026-02-03,70.01,62.62,0.0271,0.0316,0.1412,67.46
2026-02-04,71.15,64.56,0.051,0.0678,0.1435,67.97
2026-02-05,69.87,62.9,-0.0058,0.0139,0.0969,68.3
2026-02-06,70.45,63.77,-0.0063,0.0163,0.106,68.56
2026-02-09,71.19,64.53,0.0027,-0.0037,0.1176,68.85
2026-02-10,71.01,64.2,-0.0172,-0.0047,0.1254,69.02
2026-02-11,71.52,64.8,0.0561,0.0519,0.148,69.16
2026-02-12,69.8,63.08,-0.003,0.0073,0.1377,69.34
2026-02-13,69.96,63.05,-0.0167,-0.0234,0.1288,69.49
2026-02-16,70.81,,0.0135,0.0024,0.124,69.68
2026-02-17,69.77,62.53,-0.0097,-0.0194,0.1235,69.79
2026-02-18,71.78,65.33,0.0083,0.0124,0.1752,70.04
2026-02-19,73.17,66.66,0.0304,0.0383,0.1552,70.42
2026-02-20,72.75,66.69,0.0172,0.0292,0.1173,70.65
2026-02-23,71.9,66.36,0.0301,0.052,0.0994,70.86
2026-02-24,71.21,65.62,0.0179,0.0408,0.0537,70.91
2026-02-25,70.69,65.3,-0.0017,0.0357,0.0264,70.9
2026-02-26,71.66,65.1,0.0271,0.0411,0.0831,70.93
2026-02-27,71.32,66.96,-0.0064,0.025,0.065,70.89
2026-03-02,77.24,71.13,0.0556,0.0671,0.1544,71.36
2026-03-03,83.28,74.48,0.1447,0.1168,0.2305,72.03
2026-03-04,81.56,74.58,0.1344,0.1239,0.2224,72.55
2026-03-05,88.59,80.88,0.2441,0.2326,0.3533,73.48
2026-03-06,95.74,90.77,0.3544,0.39,0.4046,74.75
2026-03-09,94.35,94.65,0.3166,0.4539,0.3936,75.91
2026-03-10,89.84,83.71,0.2597,0.2501,0.2783,76.85
2026-03-11,90.98,86.8,0.1779,0.2203,0.2832,77.82
2026-03-12,102.38,95.61,0.2293,0.2837,0.442,79.45
2026-03-13,103.23,98.48,0.2657,0.3205,0.4288,81.11
2026-03-16,101.04,93.39,0.1405,0.1547,0.492,82.62
2026-03-17,108.39,96.01,0.1321,0.0577,0.5482,84.56
2026-03-18,118.09,96.12,0.2516,0.0155,0.6597,86.87
2026-03-19,111.05,96.11,0.2361,0.1481,0.5894,88.76
2026-03-20,118.42,98.71,0.3016,0.1372,0.6809,91.05
2026-03-23,103.79,89.33,0.0138,-0.0657,0.4579,92.64
2026-03-24,108.42,93.18,0.0503,-0.0538,0.5268,94.5
2026-03-25,109.14,91.51,0.0802,-0.0201,0.526,96.43
2026-03-26,113.39,96.18,0.0461,0.0018,0.6245,98.51
2026-03-27,121.47,101.26,0.0286,0.0535,0.7363,101.02
2026-03-30,121.88,104.69,0.0975,0.0893,0.7212,103.25
2026-03-31,126.69,102.86,0.0698,0.042,0.8158,105.42
2026-04-01,119.56,101.9,0.1519,0.1407,0.6656,107.32
2026-04-02,127.61,113.23,0.177,0.2152,0.744,109.27
2026-04-06,,114.01,0.1692,0.2459,0.7541,
2026-04-07,138.21,114.58,0.2189,0.1913,0.9223,
2026-04-08,122.11,96.17,0.0053,-0.0503,0.7148,
2026-04-09,119.03,99.62,-0.0234,-0.0484,0.6838,
2026-04-10,119.07,98.34,-0.0601,-0.0439,0.6616,
2026-04-13,123.28,100.72,0.0311,-0.0116,0.7285,
